season,date,team,gameno,home,points,goals,team_opponent,points_opponent,goals_opponent,manager_id,manager_name,caretaker,date_from,date_until,points_lastseason
2018,12/01/2019,Arsenal,22,0,0,0,West Ham,3,1,238,Unai Emery,0,23-May-18,1-Jul-19,63
2018,10/03/2019,Arsenal,30,1,3,2,Man United,0,0,238,Unai Emery,0,23-May-18,1-Jul-19,63
2018,29/12/2018,Arsenal,20,0,0,1,Liverpool,3,5,238,Unai Emery,0,23-May-18,1-Jul-19,63
2018,9/02/2019,Arsenal,26,0,3,2,Huddersfield,0,1,238,Unai Emery,0,23-May-18,1-Jul-19,63
2018,26/12/2018,Arsenal,19,0,1,1,Brighton,1,1,238,Unai Emery,0,23-May-18,1-Jul-19,63
2018,25/08/2018,Arsenal,3,1,3,3,West Ham,0,1,238,Unai Emery,0,23-May-18,1-Jul-19,63
2018,8/12/2018,Arsenal,16,1,3,1,Huddersfield,0,0,238,Unai Emery,0,23-May-18,1-Jul-19,63
2018,7/10/2018,Arsenal,8,0,3,5,Fulham,0,1,238,Unai Emery,0,23-May-18,1-Jul-19,63
2018,3/02/2019,Arsenal,25,0,0,1,Man City,3,3,238,Unai Emery,0,23-May-18,1-Jul-19,63
2018,1/01/2019,Arsenal,21,1,3,4,Fulham,0,1,238,Unai Emery,0,23-May-18,1-Jul-19,63
2018,18/08/2018,Arsenal,2,0,0,2,Chelsea,3,3,238,Unai Emery,0,23-May-18,1-Jul-19,63
2018,23/09/2018,Arsenal,6,1,3,2,Everton,0,0,238,Unai Emery,0,23-May-18,1-Jul-19,63
2018,25/11/2018,Arsenal,13,0,3,2,Bournemouth,0,1,238,Unai Emery,0,23-May-18,1-Jul-19,63
2018,22/12/2018,Arsenal,18,1,3,3,Burnley,0,1,238,Unai Emery,0,23-May-18,1-Jul-19,63
2018,29/09/2018,Arsenal,7,1,3,2,Watford,0,0,238,Unai Emery,0,23-May-18,1-Jul-19,63
2018,28/10/2018,Arsenal,10,0,1,2,Crystal Palace,1,2,238,Unai Emery,0,23-May-18,1-Jul-19,63
2018,2/09/2018,Arsenal,4,0,3,3,Cardiff,0,2,238,Unai Emery,0,23-May-18,1-Jul-19,63
2018,3/11/2018,Arsenal,11,1,1,1,Liverpool,1,1,238,Unai Emery,0,23-May-18,1-Jul-19,63
2018,7/04/2019,Arsenal,32,0,0,0,Everton,3,1,238,Unai Emery,0,23-May-18,1-Jul-19,63
2018,5/12/2018,Arsenal,15,0,1,2,Man United,1,2,238,Unai Emery,0,23-May-18,1-Jul-19,63
2018,19/01/2019,Arsenal,23,1,3,2,Chelsea,0,0,238,Unai Emery,0,23-May-18,1-Jul-19,63
2018,29/01/2019,Arsenal,24,1,3,2,Cardiff,0,1,238,Unai Emery,0,23-May-18,1-Jul-19,63
2018,24/04/2019,Arsenal,35,0,0,1,Wolves,3,3,238,Unai Emery,0,23-May-18,1-Jul-19,63
2018,24/02/2019,Arsenal,27,1,3,2,Southampton,0,0,238,Unai Emery,0,23-May-18,1-Jul-19,63
2018,2/12/2018,Arsenal,14,1,3,4,Tottenham,0,2,238,Unai Emery,0,23-May-18,1-Jul-19,63
2018,22/10/2018,Arsenal,9,1,3,3,Leicester,0,1,238,Unai Emery,0,23-May-18,1-Jul-19,63
2018,12/05/2019,Arsenal,38,0,3,3,Burnley,0,1,238,Unai Emery,0,23-May-18,1-Jul-19,63
2018,15/04/2019,Arsenal,33,0,3,1,Watford,0,0,238,Unai Emery,0,23-May-18,1-Jul-19,63
2018,21/04/2019,Arsenal,34,1,0,2,Crystal Palace,3,3,238,Unai Emery,0,23-May-18,1-Jul-19,63
2018,2/03/2019,Arsenal,29,0,1,1,Tottenham,1,1,238,Unai Emery,0,23-May-18,1-Jul-19,63
2018,27/02/2019,Arsenal,28,1,3,5,Bournemouth,0,1,238,Unai Emery,0,23-May-18,1-Jul-19,63
2018,11/11/2018,Arsenal,12,1,1,1,Wolves,1,1,238,Unai Emery,0,23-May-18,1-Jul-19,63
2018,15/09/2018,Arsenal,5,0,3,2,Newcastle,0,1,238,Unai Emery,0,23-May-18,1-Jul-19,63
2018,28/04/2019,Arsenal,36,0,0,0,Leicester,3,3,238,Unai Emery,0,23-May-18,1-Jul-19,63
2018,1/04/2019,Arsenal,31,1,3,2,Newcastle,0,0,238,Unai Emery,0,23-May-18,1-Jul-19,63
2018,16/12/2018,Arsenal,17,0,0,2,Southampton,3,3,238,Unai Emery,0,23-May-18,1-Jul-19,63
2018,12/08/2018,Arsenal,1,1,0,0,Man City,3,2,238,Unai Emery,0,23-May-18,1-Jul-19,63
2018,5/05/2019,Arsenal,37,1,1,1,Brighton,1,1,238,Unai Emery,0,23-May-18,1-Jul-19,63
2018,4/12/2018,Bournemouth,15,1,3,2,Huddersfield,0,1,68,Eddie Howe,0,12-Oct-12,1-Jul-19,44
2018,6/04/2019,Bournemouth,33,1,0,1,Burnley,3,3,68,Eddie Howe,0,12-Oct-12,1-Jul-19,44
2018,1/09/2018,Bournemouth,4,0,0,0,Chelsea,3,2,68,Eddie Howe,0,12-Oct-12,1-Jul-19,44
2018,30/12/2018,Bournemouth,20,0,0,1,Man United,3,4,68,Eddie Howe,0,12-Oct-12,1-Jul-19,44
2018,20/04/2019,Bournemouth,35,1,0,0,Fulham,3,1,68,Eddie Howe,0,12-Oct-12,1-Jul-19,44
2018,30/03/2019,Bournemouth,32,0,0,0,Leicester,3,2,68,Eddie Howe,0,12-Oct-12,1-Jul-19,44
2018,27/04/2019,Bournemouth,36,0,1,3,Southampton,1,3,68,Eddie Howe,0,12-Oct-12,1-Jul-19,44
2018,9/02/2019,Bournemouth,26,0,0,0,Liverpool,3,3,68,Eddie Howe,0,12-Oct-12,1-Jul-19,44
2018,6/10/2018,Bournemouth,8,0,3,4,Watford,0,0,68,Eddie Howe,0,12-Oct-12,1-Jul-19,44
2018,2/03/2019,Bournemouth,29,1,0,0,Man City,3,1,68,Eddie Howe,0,12-Oct-12,1-Jul-19,44
2018,20/10/2018,Bournemouth,9,1,1,0,Southampton,1,0,68,Eddie Howe,0,12-Oct-12,1-Jul-19,44
2018,1/10/2018,Bournemouth,7,1,3,2,Crystal Palace,0,1,68,Eddie Howe,0,12-Oct-12,1-Jul-19,44
2018,18/08/2018,Bournemouth,2,0,3,2,West Ham,0,1,68,Eddie Howe,0,12-Oct-12,1-Jul-19,44
2018,1/12/2018,Bournemouth,14,0,0,1,Man City,3,3,68,Eddie Howe,0,12-Oct-12,1-Jul-19,44
2018,2/02/2019,Bournemouth,25,0,0,0,Cardiff,3,2,68,Eddie Howe,0,12-Oct-12,1-Jul-19,44
2018,4/05/2019,Bournemouth,37,1,3,1,Tottenham,0,0,68,Eddie Howe,0,12-Oct-12,1-Jul-19,44
2018,10/11/2018,Bournemouth,12,0,0,1,Newcastle,3,2,68,Eddie Howe,0,12-Oct-12,1-Jul-19,44
2018,22/09/2018,Bournemouth,6,0,0,0,Burnley,3,4,68,Eddie Howe,0,12-Oct-12,1-Jul-19,44
2018,11/08/2018,Bournemouth,1,1,3,2,Cardiff,0,0,68,Eddie Howe,0,12-Oct-12,1-Jul-19,44
2018,13/01/2019,Bournemouth,22,0,0,0,Everton,3,2,68,Eddie Howe,0,12-Oct-12,1-Jul-19,44
2018,16/03/2019,Bournemouth,31,1,1,2,Newcastle,1,2,68,Eddie Howe,0,12-Oct-12,1-Jul-19,44
2018,15/12/2018,Bournemouth,17,0,0,0,Wolves,3,2,68,Eddie Howe,0,12-Oct-12,1-Jul-19,44
2018,12/05/2019,Bournemouth,38,0,0,3,Crystal Palace,3,5,68,Eddie Howe,0,12-Oct-12,1-Jul-19,44
2018,25/11/2018,Bournemouth,13,1,0,1,Arsenal,3,2,68,Eddie Howe,0,12-Oct-12,1-Jul-19,44
2018,15/09/2018,Bournemouth,5,1,3,4,Leicester,0,2,68,Eddie Howe,0,12-Oct-12,1-Jul-19,44
2018,8/12/2018,Bournemouth,16,1,0,0,Liverpool,3,4,68,Eddie Howe,0,12-Oct-12,1-Jul-19,44
2018,27/10/2018,Bournemouth,10,0,3,3,Fulham,0,0,68,Eddie Howe,0,12-Oct-12,1-Jul-19,44
2018,27/02/2019,Bournemouth,28,0,0,1,Arsenal,3,5,68,Eddie Howe,0,12-Oct-12,1-Jul-19,44
2018,26/12/2018,Bournemouth,19,0,0,0,Tottenham,3,5,68,Eddie Howe,0,12-Oct-12,1-Jul-19,44
2018,30/01/2019,Bournemouth,24,1,3,4,Chelsea,0,0,68,Eddie Howe,0,12-Oct-12,1-Jul-19,44
2018,9/03/2019,Bournemouth,30,0,3,2,Huddersfield,0,0,68,Eddie Howe,0,12-Oct-12,1-Jul-19,44
2018,13/04/2019,Bournemouth,34,0,3,5,Brighton,0,0,68,Eddie Howe,0,12-Oct-12,1-Jul-19,44
2018,22/12/2018,Bournemouth,18,1,3,2,Brighton,0,0,68,Eddie Howe,0,12-Oct-12,1-Jul-19,44
2018,23/02/2019,Bournemouth,27,1,1,1,Wolves,1,1,68,Eddie Howe,0,12-Oct-12,1-Jul-19,44
2018,2/01/2019,Bournemouth,21,1,1,3,Watford,1,3,68,Eddie Howe,0,12-Oct-12,1-Jul-19,44
2018,3/11/2018,Bournemouth,11,1,0,1,Man United,3,2,68,Eddie Howe,0,12-Oct-12,1-Jul-19,44
2018,19/01/2019,Bournemouth,23,1,3,2,West Ham,0,0,68,Eddie Howe,0,12-Oct-12,1-Jul-19,44
2018,25/08/2018,Bournemouth,3,1,1,2,Everton,1,2,68,Eddie Howe,0,12-Oct-12,1-Jul-19,44
2018,17/09/2018,Brighton,5,0,1,2,Southampton,1,2,40,Chris Hughton,0,31-Dec-14,13-May-19,40
2018,25/08/2018,Brighton,3,0,0,0,Liverpool,3,1,40,Chris Hughton,0,31-Dec-14,13-May-19,40
2018,16/04/2019,Brighton,33,1,0,0,Cardiff,3,2,40,Chris Hughton,0,31-Dec-14,13-May-19,40
2018,2/02/2019,Brighton,25,1,1,0,Watford,1,0,40,Chris Hughton,0,31-Dec-14,13-May-19,40
2018,2/01/2019,Brighton,21,0,1,2,West Ham,1,2,40,Chris Hughton,0,31-Dec-14,13-May-19,40
2018,12/05/2019,Brighton,38,1,0,1,Man City,3,4,40,Chris Hughton,0,31-Dec-14,13-May-19,40
2018,20/04/2019,Brighton,34,0,1,0,Wolves,1,0,40,Chris Hughton,0,31-Dec-14,13-May-19,40
2018,26/12/2018,Brighton,19,1,1,1,Arsenal,1,1,40,Chris Hughton,0,31-Dec-14,13-May-19,40
2018,22/12/2018,Brighton,18,0,0,0,Bournemouth,3,2,40,Chris Hughton,0,31-Dec-14,13-May-19,40
2018,26/02/2019,Brighton,27,0,0,1,Leicester,3,2,40,Chris Hughton,0,31-Dec-14,13-May-19,40
2018,5/10/2018,Brighton,8,1,3,1,West Ham,0,0,40,Chris Hughton,0,31-Dec-14,13-May-19,40
2018,2/03/2019,Brighton,28,1,3,1,Huddersfield,0,0,40,Chris Hughton,0,31-Dec-14,13-May-19,40
2018,10/11/2018,Brighton,12,0,0,1,Cardiff,3,2,40,Chris Hughton,0,31-Dec-14,13-May-19,40
2018,12/01/2019,Brighton,22,1,0,0,Liverpool,3,1,40,Chris Hughton,0,31-Dec-14,13-May-19,40
2018,27/04/2019,Brighton,36,1,1,1,Newcastle,1,1,40,Chris Hughton,0,31-Dec-14,13-May-19,40
2018,27/10/2018,Brighton,10,1,3,1,Wolves,0,0,40,Chris Hughton,0,31-Dec-14,13-May-19,40
2018,29/12/2018,Brighton,20,1,3,1,Everton,0,0,40,Chris Hughton,0,31-Dec-14,13-May-19,40
2018,20/10/2018,Brighton,9,0,3,1,Newcastle,0,0,40,Chris Hughton,0,31-Dec-14,13-May-19,40
2018,16/12/2018,Brighton,17,1,0,1,Chelsea,3,2,40,Chris Hughton,0,31-Dec-14,13-May-19,40
2018,11/08/2018,Brighton,1,0,0,0,Watford,3,2,40,Chris Hughton,0,31-Dec-14,13-May-19,40
2018,3/11/2018,Brighton,11,0,0,1,Everton,3,3,40,Chris Hughton,0,31-Dec-14,13-May-19,40
2018,29/09/2018,Brighton,7,0,0,0,Man City,3,2,40,Chris Hughton,0,31-Dec-14,13-May-19,40
2018,24/11/2018,Brighton,13,1,1,1,Leicester,1,1,40,Chris Hughton,0,31-Dec-14,13-May-19,40
2018,1/12/2018,Brighton,14,0,3,2,Huddersfield,0,1,40,Chris Hughton,0,31-Dec-14,13-May-19,40
2018,4/12/2018,Brighton,15,1,3,3,Crystal Palace,0,1,40,Chris Hughton,0,31-Dec-14,13-May-19,40
2018,29/01/2019,Brighton,24,0,0,2,Fulham,3,4,40,Chris Hughton,0,31-Dec-14,13-May-19,40
2018,19/08/2018,Brighton,2,1,3,3,Man United,0,2,40,Chris Hughton,0,31-Dec-14,13-May-19,40
2018,13/04/2019,Brighton,32,1,0,0,Bournemouth,3,5,40,Chris Hughton,0,31-Dec-14,13-May-19,40
2018,8/12/2018,Brighton,16,0,0,0,Burnley,3,1,40,Chris Hughton,0,31-Dec-14,13-May-19,40
2018,19/01/2019,Brighton,23,0,0,1,Man United,3,2,40,Chris Hughton,0,31-Dec-14,13-May-19,40
2018,9/02/2019,Brighton,26,1,0,1,Burnley,3,3,40,Chris Hughton,0,31-Dec-14,13-May-19,40
2018,23/04/2019,Brighton,35,0,0,0,Tottenham,3,1,40,Chris Hughton,0,31-Dec-14,13-May-19,40
2018,1/09/2018,Brighton,4,1,1,2,Fulham,1,2,40,Chris Hughton,0,31-Dec-14,13-May-19,40
2018,5/05/2019,Brighton,37,0,1,1,Arsenal,1,1,40,Chris Hughton,0,31-Dec-14,13-May-19,40
2018,3/04/2019,Brighton,31,0,0,0,Chelsea,3,3,40,Chris Hughton,0,31-Dec-14,13-May-19,40
2018,22/09/2018,Brighton,6,1,0,1,Tottenham,3,2,40,Chris Hughton,0,31-Dec-14,13-May-19,40
2018,30/03/2019,Brighton,30,1,0,0,Southampton,3,1,40,Chris Hughton,0,31-Dec-14,13-May-19,40
2018,9/03/2019,Brighton,29,0,3,2,Crystal Palace,0,1,40,Chris Hughton,0,31-Dec-14,13-May-19,40
2018,8/12/2018,Burnley,16,1,3,1,Brighton,0,0,209,Sean Dyche,0,30-Oct-12,1-Jul-19,54
2018,22/12/2018,Burnley,18,0,0,1,Arsenal,3,3,209,Sean Dyche,0,30-Oct-12,1-Jul-19,54
2018,30/12/2018,Burnley,20,1,3,2,West Ham,0,0,209,Sean Dyche,0,30-Oct-12,1-Jul-19,54
2018,19/08/2018,Burnley,2,1,0,1,Watford,3,3,209,Sean Dyche,0,30-Oct-12,1-Jul-19,54
2018,22/09/2018,Burnley,6,1,3,4,Bournemouth,0,0,209,Sean Dyche,0,30-Oct-12,1-Jul-19,54
2018,2/03/2019,Burnley,29,1,0,1,Crystal Palace,3,3,209,Sean Dyche,0,30-Oct-12,1-Jul-19,54
2018,1/12/2018,Burnley,14,0,0,0,Crystal Palace,3,2,209,Sean Dyche,0,30-Oct-12,1-Jul-19,54
2018,2/01/2019,Burnley,21,0,3,2,Huddersfield,0,1,209,Sean Dyche,0,30-Oct-12,1-Jul-19,54
2018,28/10/2018,Burnley,10,1,0,0,Chelsea,3,4,209,Sean Dyche,0,30-Oct-12,1-Jul-19,54
2018,6/04/2019,Burnley,33,0,3,3,Bournemouth,0,1,209,Sean Dyche,0,30-Oct-12,1-Jul-19,54
2018,12/05/2019,Burnley,38,1,0,1,Arsenal,3,3,209,Sean Dyche,0,30-Oct-12,1-Jul-19,54
2018,30/09/2018,Burnley,7,0,3,2,Cardiff,0,1,209,Sean Dyche,0,30-Oct-12,1-Jul-19,54
2018,3/05/2019,Burnley,37,0,0,0,Everton,3,2,209,Sean Dyche,0,30-Oct-12,1-Jul-19,54
2018,6/10/2018,Burnley,8,1,1,1,Huddersfield,1,1,209,Sean Dyche,0,30-Oct-12,1-Jul-19,54
2018,22/04/2019,Burnley,35,0,1,2,Chelsea,1,2,209,Sean Dyche,0,30-Oct-12,1-Jul-19,54
2018,26/11/2018,Burnley,13,1,0,1,Newcastle,3,2,209,Sean Dyche,0,30-Oct-12,1-Jul-19,54
2018,26/12/2018,Burnley,19,1,0,1,Everton,3,5,209,Sean Dyche,0,30-Oct-12,1-Jul-19,54
2018,15/12/2018,Burnley,17,0,0,0,Tottenham,3,1,209,Sean Dyche,0,30-Oct-12,1-Jul-19,54
2018,16/09/2018,Burnley,5,0,0,0,Wolves,3,1,209,Sean Dyche,0,30-Oct-12,1-Jul-19,54
2018,26/08/2018,Burnley,3,0,0,2,Fulham,3,4,209,Sean Dyche,0,30-Oct-12,1-Jul-19,54
2018,5/12/2018,Burnley,15,1,0,1,Liverpool,3,3,209,Sean Dyche,0,30-Oct-12,1-Jul-19,54
2018,30/03/2019,Burnley,32,1,3,2,Wolves,0,0,209,Sean Dyche,0,30-Oct-12,1-Jul-19,54
2018,3/11/2018,Burnley,11,0,0,2,West Ham,3,4,209,Sean Dyche,0,30-Oct-12,1-Jul-19,54
2018,9/02/2019,Burnley,26,0,3,3,Brighton,0,1,209,Sean Dyche,0,30-Oct-12,1-Jul-19,54
2018,23/02/2019,Burnley,27,1,3,2,Tottenham,0,1,209,Sean Dyche,0,30-Oct-12,1-Jul-19,54
2018,20/10/2018,Burnley,9,0,0,0,Man City,3,5,209,Sean Dyche,0,30-Oct-12,1-Jul-19,54
2018,29/01/2019,Burnley,24,0,1,2,Man United,1,2,209,Sean Dyche,0,30-Oct-12,1-Jul-19,54
2018,2/02/2019,Burnley,25,1,1,1,Southampton,1,1,209,Sean Dyche,0,30-Oct-12,1-Jul-19,54
2018,26/02/2019,Burnley,28,0,0,0,Newcastle,3,2,209,Sean Dyche,0,30-Oct-12,1-Jul-19,54
2018,19/01/2019,Burnley,23,0,1,0,Watford,1,0,209,Sean Dyche,0,30-Oct-12,1-Jul-19,54
2018,10/11/2018,Burnley,12,0,1,0,Leicester,1,0,209,Sean Dyche,0,30-Oct-12,1-Jul-19,54
2018,12/01/2019,Burnley,22,1,3,2,Fulham,0,1,209,Sean Dyche,0,30-Oct-12,1-Jul-19,54
2018,2/09/2018,Burnley,4,1,0,0,Man United,3,2,209,Sean Dyche,0,30-Oct-12,1-Jul-19,54
2018,10/03/2019,Burnley,30,0,0,2,Liverpool,3,4,209,Sean Dyche,0,30-Oct-12,1-Jul-19,54
2018,16/03/2019,Burnley,31,1,0,1,Leicester,3,2,209,Sean Dyche,0,30-Oct-12,1-Jul-19,54
2018,12/08/2018,Burnley,1,0,1,0,Southampton,1,0,209,Sean Dyche,0,30-Oct-12,1-Jul-19,54
2018,13/04/2019,Burnley,34,1,3,2,Cardiff,0,0,209,Sean Dyche,0,30-Oct-12,1-Jul-19,54
2018,28/04/2019,Burnley,36,1,0,0,Man City,3,1,209,Sean Dyche,0,30-Oct-12,1-Jul-19,54
2018,29/12/2018,Cardiff,20,0,3,1,Leicester,0,0,158,Neil Warnock,0,5-Oct-16,1-Jul-19,NA
2018,30/09/2018,Cardiff,7,1,0,1,Burnley,3,2,158,Neil Warnock,0,5-Oct-16,1-Jul-19,NA
2018,2/09/2018,Cardiff,4,1,0,2,Arsenal,3,3,158,Neil Warnock,0,5-Oct-16,1-Jul-19,NA
2018,4/12/2018,Cardiff,15,0,0,1,West Ham,3,3,158,Neil Warnock,0,5-Oct-16,1-Jul-19,NA
2018,16/04/2019,Cardiff,34,0,3,2,Brighton,0,0,158,Neil Warnock,0,5-Oct-16,1-Jul-19,NA
2018,2/02/2019,Cardiff,25,1,3,2,Bournemouth,0,0,158,Neil Warnock,0,5-Oct-16,1-Jul-19,NA
2018,15/12/2018,Cardiff,17,0,0,2,Watford,3,3,158,Neil Warnock,0,5-Oct-16,1-Jul-19,NA
2018,22/02/2019,Cardiff,27,1,0,1,Watford,3,5,158,Neil Warnock,0,5-Oct-16,1-Jul-19,NA
2018,26/12/2018,Cardiff,19,0,1,0,Crystal Palace,1,0,158,Neil Warnock,0,5-Oct-16,1-Jul-19,NA
2018,4/05/2019,Cardiff,37,1,0,2,Crystal Palace,3,3,158,Neil Warnock,0,5-Oct-16,1-Jul-19,NA
2018,21/04/2019,Cardiff,35,1,0,0,Liverpool,3,2,158,Neil Warnock,0,5-Oct-16,1-Jul-19,NA
2018,12/01/2019,Cardiff,22,1,1,0,Huddersfield,1,0,158,Neil Warnock,0,5-Oct-16,1-Jul-19,NA
2018,8/12/2018,Cardiff,16,1,3,1,Southampton,0,0,158,Neil Warnock,0,5-Oct-16,1-Jul-19,NA
2018,22/09/2018,Cardiff,6,1,0,0,Man City,3,5,158,Neil Warnock,0,5-Oct-16,1-Jul-19,NA
2018,3/11/2018,Cardiff,11,1,0,0,Leicester,3,1,158,Neil Warnock,0,5-Oct-16,1-Jul-19,NA
2018,6/10/2018,Cardiff,8,0,0,0,Tottenham,3,1,158,Neil Warnock,0,5-Oct-16,1-Jul-19,NA
2018,27/10/2018,Cardiff,10,0,0,1,Liverpool,3,4,158,Neil Warnock,0,5-Oct-16,1-Jul-19,NA
2018,18/08/2018,Cardiff,2,1,1,0,Newcastle,1,0,158,Neil Warnock,0,5-Oct-16,1-Jul-19,NA
2018,20/10/2018,Cardiff,9,1,3,4,Fulham,0,2,158,Neil Warnock,0,5-Oct-16,1-Jul-19,NA
2018,10/11/2018,Cardiff,12,1,3,2,Brighton,0,1,158,Neil Warnock,0,5-Oct-16,1-Jul-19,NA
2018,1/01/2019,Cardiff,21,1,0,0,Tottenham,3,3,158,Neil Warnock,0,5-Oct-16,1-Jul-19,NA
2018,27/04/2019,Cardiff,36,0,0,0,Fulham,3,1,158,Neil Warnock,0,5-Oct-16,1-Jul-19,NA
2018,24/11/2018,Cardiff,13,0,0,0,Everton,3,1,158,Neil Warnock,0,5-Oct-16,1-Jul-19,NA
2018,19/01/2019,Cardiff,23,0,0,0,Newcastle,3,3,158,Neil Warnock,0,5-Oct-16,1-Jul-19,NA
2018,9/02/2019,Cardiff,26,0,3,2,Southampton,0,1,158,Neil Warnock,0,5-Oct-16,1-Jul-19,NA
2018,15/09/2018,Cardiff,5,0,0,1,Chelsea,3,4,158,Neil Warnock,0,5-Oct-16,1-Jul-19,NA
2018,12/05/2019,Cardiff,38,0,3,2,Man United,0,0,158,Neil Warnock,0,5-Oct-16,1-Jul-19,NA
2018,29/01/2019,Cardiff,24,0,0,1,Arsenal,3,2,158,Neil Warnock,0,5-Oct-16,1-Jul-19,NA
2018,26/02/2019,Cardiff,28,1,0,0,Everton,3,3,158,Neil Warnock,0,5-Oct-16,1-Jul-19,NA
2018,22/12/2018,Cardiff,18,1,0,1,Man United,3,5,158,Neil Warnock,0,5-Oct-16,1-Jul-19,NA
2018,25/08/2018,Cardiff,3,0,1,0,Huddersfield,1,0,158,Neil Warnock,0,5-Oct-16,1-Jul-19,NA
2018,13/04/2019,Cardiff,33,0,0,0,Burnley,3,2,158,Neil Warnock,0,5-Oct-16,1-Jul-19,NA
2018,2/03/2019,Cardiff,29,0,0,0,Wolves,3,2,158,Neil Warnock,0,5-Oct-16,1-Jul-19,NA
2018,3/04/2019,Cardiff,32,0,0,0,Man City,3,2,158,Neil Warnock,0,5-Oct-16,1-Jul-19,NA
2018,9/03/2019,Cardiff,30,1,3,2,West Ham,0,0,158,Neil Warnock,0,5-Oct-16,1-Jul-19,NA
2018,11/08/2018,Cardiff,1,0,0,0,Bournemouth,3,2,158,Neil Warnock,0,5-Oct-16,1-Jul-19,NA
2018,30/11/2018,Cardiff,14,1,3,2,Wolves,0,1,158,Neil Warnock,0,5-Oct-16,1-Jul-19,NA
2018,31/03/2019,Cardiff,31,1,0,1,Chelsea,3,2,158,Neil Warnock,0,5-Oct-16,1-Jul-19,NA
2018,2/12/2018,Chelsea,14,1,3,2,Fulham,0,0,149,Maurizio Sarri,0,14-Jul-18,16-Jun-19,70
2018,31/03/2019,Chelsea,31,0,3,2,Cardiff,0,1,149,Maurizio Sarri,0,14-Jul-18,16-Jun-19,70
2018,14/04/2019,Chelsea,34,0,0,0,Liverpool,3,2,149,Maurizio Sarri,0,14-Jul-18,16-Jun-19,70
2018,30/01/2019,Chelsea,24,0,0,0,Bournemouth,3,4,149,Maurizio Sarri,0,14-Jul-18,16-Jun-19,70
2018,4/11/2018,Chelsea,11,1,3,3,Crystal Palace,0,1,149,Maurizio Sarri,0,14-Jul-18,16-Jun-19,70
2018,24/11/2018,Chelsea,13,0,0,1,Tottenham,3,3,149,Maurizio Sarri,0,14-Jul-18,16-Jun-19,70
2018,10/03/2019,Chelsea,29,1,1,1,Wolves,1,1,149,Maurizio Sarri,0,14-Jul-18,16-Jun-19,70
2018,17/03/2019,Chelsea,30,0,0,0,Everton,3,2,149,Maurizio Sarri,0,14-Jul-18,16-Jun-19,70
2018,3/03/2019,Chelsea,28,0,3,2,Fulham,0,1,149,Maurizio Sarri,0,14-Jul-18,16-Jun-19,70
2018,3/04/2019,Chelsea,32,1,3,3,Brighton,0,0,149,Maurizio Sarri,0,14-Jul-18,16-Jun-19,70
2018,22/04/2019,Chelsea,35,1,1,2,Burnley,1,2,149,Maurizio Sarri,0,14-Jul-18,16-Jun-19,70
2018,1/09/2018,Chelsea,4,1,3,2,Bournemouth,0,0,149,Maurizio Sarri,0,14-Jul-18,16-Jun-19,70
2018,19/01/2019,Chelsea,23,0,0,0,Arsenal,3,2,149,Maurizio Sarri,0,14-Jul-18,16-Jun-19,70
2018,12/05/2019,Chelsea,38,0,1,0,Leicester,1,0,149,Maurizio Sarri,0,14-Jul-18,16-Jun-19,70
2018,2/02/2019,Chelsea,25,1,3,5,Huddersfield,0,0,149,Maurizio Sarri,0,14-Jul-18,16-Jun-19,70
2018,16/12/2018,Chelsea,17,0,3,2,Brighton,0,1,149,Maurizio Sarri,0,14-Jul-18,16-Jun-19,70
2018,20/10/2018,Chelsea,9,1,1,2,Man United,1,2,149,Maurizio Sarri,0,14-Jul-18,16-Jun-19,70
2018,26/08/2018,Chelsea,3,0,3,2,Newcastle,0,1,149,Maurizio Sarri,0,14-Jul-18,16-Jun-19,70
2018,30/12/2018,Chelsea,20,0,3,1,Crystal Palace,0,0,149,Maurizio Sarri,0,14-Jul-18,16-Jun-19,70
2018,26/12/2018,Chelsea,19,0,3,2,Watford,0,1,149,Maurizio Sarri,0,14-Jul-18,16-Jun-19,70
2018,23/09/2018,Chelsea,6,0,1,0,West Ham,1,0,149,Maurizio Sarri,0,14-Jul-18,16-Jun-19,70
2018,28/04/2019,Chelsea,36,0,1,1,Man United,1,1,149,Maurizio Sarri,0,14-Jul-18,16-Jun-19,70
2018,7/10/2018,Chelsea,8,0,3,3,Southampton,0,0,149,Maurizio Sarri,0,14-Jul-18,16-Jun-19,70
2018,11/11/2018,Chelsea,12,1,1,0,Everton,1,0,149,Maurizio Sarri,0,14-Jul-18,16-Jun-19,70
2018,18/08/2018,Chelsea,2,1,3,3,Arsenal,0,2,149,Maurizio Sarri,0,14-Jul-18,16-Jun-19,70
2018,28/10/2018,Chelsea,10,0,3,4,Burnley,0,0,149,Maurizio Sarri,0,14-Jul-18,16-Jun-19,70
2018,29/09/2018,Chelsea,7,1,1,1,Liverpool,1,1,149,Maurizio Sarri,0,14-Jul-18,16-Jun-19,70
2018,2/01/2019,Chelsea,21,1,1,0,Southampton,1,0,149,Maurizio Sarri,0,14-Jul-18,16-Jun-19,70
2018,12/01/2019,Chelsea,22,1,3,2,Newcastle,0,1,149,Maurizio Sarri,0,14-Jul-18,16-Jun-19,70
2018,10/02/2019,Chelsea,26,0,0,0,Man City,3,6,149,Maurizio Sarri,0,14-Jul-18,16-Jun-19,70
2018,8/12/2018,Chelsea,16,1,3,2,Man City,0,0,149,Maurizio Sarri,0,14-Jul-18,16-Jun-19,70
2018,5/05/2019,Chelsea,37,1,3,3,Watford,0,0,149,Maurizio Sarri,0,14-Jul-18,16-Jun-19,70
2018,8/04/2019,Chelsea,33,1,3,2,West Ham,0,0,149,Maurizio Sarri,0,14-Jul-18,16-Jun-19,70
2018,27/02/2019,Chelsea,27,1,3,2,Tottenham,0,0,149,Maurizio Sarri,0,14-Jul-18,16-Jun-19,70
2018,11/08/2018,Chelsea,1,0,3,3,Huddersfield,0,0,149,Maurizio Sarri,0,14-Jul-18,16-Jun-19,70
2018,22/12/2018,Chelsea,18,1,0,0,Leicester,3,1,149,Maurizio Sarri,0,14-Jul-18,16-Jun-19,70
2018,5/12/2018,Chelsea,15,0,0,1,Wolves,3,2,149,Maurizio Sarri,0,14-Jul-18,16-Jun-19,70
2018,15/09/2018,Chelsea,5,1,3,4,Cardiff,0,1,149,Maurizio Sarri,0,14-Jul-18,16-Jun-19,70
2018,9/03/2019,Crystal Palace,30,1,0,1,Brighton,3,2,199,Roy Hodgson,0,12-Sep-17,1-Jul-19,44
2018,22/12/2018,Crystal Palace,18,0,3,3,Man City,0,2,199,Roy Hodgson,0,12-Sep-17,1-Jul-19,44
2018,30/12/2018,Crystal Palace,20,1,0,0,Chelsea,3,1,199,Roy Hodgson,0,12-Sep-17,1-Jul-19,44
2018,27/02/2019,Crystal Palace,28,1,0,1,Man United,3,3,199,Roy Hodgson,0,12-Sep-17,1-Jul-19,44
2018,12/01/2019,Crystal Palace,22,1,0,1,Watford,3,2,199,Roy Hodgson,0,12-Sep-17,1-Jul-19,44
2018,21/10/2018,Crystal Palace,9,0,0,0,Everton,3,2,199,Roy Hodgson,0,12-Sep-17,1-Jul-19,44
2018,8/12/2018,Crystal Palace,16,0,0,2,West Ham,3,3,199,Roy Hodgson,0,12-Sep-17,1-Jul-19,44
2018,2/02/2019,Crystal Palace,25,1,3,2,Fulham,0,0,199,Roy Hodgson,0,12-Sep-17,1-Jul-19,44
2018,2/03/2019,Crystal Palace,29,0,3,3,Burnley,0,1,199,Roy Hodgson,0,12-Sep-17,1-Jul-19,44
2018,30/03/2019,Crystal Palace,31,1,3,2,Huddersfield,0,0,199,Roy Hodgson,0,12-Sep-17,1-Jul-19,44
2018,10/11/2018,Crystal Palace,12,1,0,0,Tottenham,3,1,199,Roy Hodgson,0,12-Sep-17,1-Jul-19,44
2018,6/10/2018,Crystal Palace,8,1,0,0,Wolves,3,1,199,Roy Hodgson,0,12-Sep-17,1-Jul-19,44
2018,26/12/2018,Crystal Palace,19,1,1,0,Cardiff,1,0,199,Roy Hodgson,0,12-Sep-17,1-Jul-19,44
2018,3/04/2019,Crystal Palace,32,0,0,0,Tottenham,3,2,199,Roy Hodgson,0,12-Sep-17,1-Jul-19,44
2018,21/04/2019,Crystal Palace,35,0,3,3,Arsenal,0,2,199,Roy Hodgson,0,12-Sep-17,1-Jul-19,44
2018,27/04/2019,Crystal Palace,36,1,1,0,Everton,1,0,199,Roy Hodgson,0,12-Sep-17,1-Jul-19,44
2018,30/01/2019,Crystal Palace,24,0,1,1,Southampton,1,1,199,Roy Hodgson,0,12-Sep-17,1-Jul-19,44
2018,2/01/2019,Crystal Palace,21,0,3,2,Wolves,0,0,199,Roy Hodgson,0,12-Sep-17,1-Jul-19,44
2018,23/02/2019,Crystal Palace,27,0,3,4,Leicester,0,1,199,Roy Hodgson,0,12-Sep-17,1-Jul-19,44
2018,1/12/2018,Crystal Palace,14,1,3,2,Burnley,0,0,199,Roy Hodgson,0,12-Sep-17,1-Jul-19,44
2018,26/08/2018,Crystal Palace,3,0,0,1,Watford,3,2,199,Roy Hodgson,0,12-Sep-17,1-Jul-19,44
2018,28/10/2018,Crystal Palace,10,1,1,2,Arsenal,1,2,199,Roy Hodgson,0,12-Sep-17,1-Jul-19,44
2018,6/04/2019,Crystal Palace,33,0,3,1,Newcastle,0,0,199,Roy Hodgson,0,12-Sep-17,1-Jul-19,44
2018,20/08/2018,Crystal Palace,2,1,0,0,Liverpool,3,2,199,Roy Hodgson,0,12-Sep-17,1-Jul-19,44
2018,12/05/2019,Crystal Palace,38,1,3,5,Bournemouth,0,3,199,Roy Hodgson,0,12-Sep-17,1-Jul-19,44
2018,11/08/2018,Crystal Palace,1,0,3,2,Fulham,0,0,199,Roy Hodgson,0,12-Sep-17,1-Jul-19,44
2018,4/05/2019,Crystal Palace,37,0,3,3,Cardiff,0,2,199,Roy Hodgson,0,12-Sep-17,1-Jul-19,44
2018,4/11/2018,Crystal Palace,11,0,0,1,Chelsea,3,3,199,Roy Hodgson,0,12-Sep-17,1-Jul-19,44
2018,15/12/2018,Crystal Palace,17,1,3,1,Leicester,0,0,199,Roy Hodgson,0,12-Sep-17,1-Jul-19,44
2018,15/09/2018,Crystal Palace,5,0,3,1,Huddersfield,0,0,199,Roy Hodgson,0,12-Sep-17,1-Jul-19,44
2018,1/10/2018,Crystal Palace,7,0,0,1,Bournemouth,3,2,199,Roy Hodgson,0,12-Sep-17,1-Jul-19,44
2018,1/09/2018,Crystal Palace,4,1,0,0,Southampton,3,2,199,Roy Hodgson,0,12-Sep-17,1-Jul-19,44
2018,9/02/2019,Crystal Palace,26,1,1,1,West Ham,1,1,199,Roy Hodgson,0,12-Sep-17,1-Jul-19,44
2018,22/09/2018,Crystal Palace,6,1,1,0,Newcastle,1,0,199,Roy Hodgson,0,12-Sep-17,1-Jul-19,44
2018,24/11/2018,Crystal Palace,13,0,1,0,Man United,1,0,199,Roy Hodgson,0,12-Sep-17,1-Jul-19,44
2018,14/04/2019,Crystal Palace,34,1,0,1,Man City,3,3,199,Roy Hodgson,0,12-Sep-17,1-Jul-19,44
2018,4/12/2018,Crystal Palace,15,0,0,1,Brighton,3,3,199,Roy Hodgson,0,12-Sep-17,1-Jul-19,44
2018,19/01/2019,Crystal Palace,23,0,0,3,Liverpool,3,4,199,Roy Hodgson,0,12-Sep-17,1-Jul-19,44
2018,6/02/2019,Everton,26,1,0,0,Man City,3,2,140,Marco Silva,0,31-May-18,1-Jul-19,49
2018,9/02/2019,Everton,27,0,0,0,Watford,3,1,140,Marco Silva,0,31-May-18,1-Jul-19,49
2018,2/02/2019,Everton,25,1,0,1,Wolves,3,3,140,Marco Silva,0,31-May-18,1-Jul-19,49
2018,11/11/2018,Everton,12,0,1,0,Chelsea,1,0,140,Marco Silva,0,31-May-18,1-Jul-19,49
2018,3/11/2018,Everton,11,1,3,3,Brighton,0,1,140,Marco Silva,0,31-May-18,1-Jul-19,49
2018,26/12/2018,Everton,19,0,3,5,Burnley,0,1,140,Marco Silva,0,31-May-18,1-Jul-19,49
2018,6/10/2018,Everton,8,0,3,2,Leicester,0,1,140,Marco Silva,0,31-May-18,1-Jul-19,49
2018,17/03/2019,Everton,31,1,3,2,Chelsea,0,0,140,Marco Silva,0,31-May-18,1-Jul-19,49
2018,29/01/2019,Everton,24,0,3,1,Huddersfield,0,0,140,Marco Silva,0,31-May-18,1-Jul-19,49
2018,9/03/2019,Everton,30,0,0,2,Newcastle,3,3,140,Marco Silva,0,31-May-18,1-Jul-19,49
2018,2/12/2018,Everton,14,0,0,0,Liverpool,3,1,140,Marco Silva,0,31-May-18,1-Jul-19,49
2018,28/10/2018,Everton,10,0,0,1,Man United,3,2,140,Marco Silva,0,31-May-18,1-Jul-19,49
2018,11/08/2018,Everton,1,0,1,2,Wolves,1,2,140,Marco Silva,0,31-May-18,1-Jul-19,49
2018,21/10/2018,Everton,9,1,3,2,Crystal Palace,0,0,140,Marco Silva,0,31-May-18,1-Jul-19,49
2018,18/08/2018,Everton,2,1,3,2,Southampton,0,1,140,Marco Silva,0,31-May-18,1-Jul-19,49
2018,29/09/2018,Everton,7,1,3,3,Fulham,0,0,140,Marco Silva,0,31-May-18,1-Jul-19,49
2018,1/01/2019,Everton,21,1,0,0,Leicester,3,1,140,Marco Silva,0,31-May-18,1-Jul-19,49
2018,15/12/2018,Everton,17,0,0,1,Man City,3,3,140,Marco Silva,0,31-May-18,1-Jul-19,49
2018,1/09/2018,Everton,4,1,1,1,Huddersfield,1,1,140,Marco Silva,0,31-May-18,1-Jul-19,49
2018,29/12/2018,Everton,20,0,0,0,Brighton,3,1,140,Marco Silva,0,31-May-18,1-Jul-19,49
2018,16/09/2018,Everton,5,1,0,1,West Ham,3,3,140,Marco Silva,0,31-May-18,1-Jul-19,49
2018,23/12/2018,Everton,18,1,0,2,Tottenham,3,6,140,Marco Silva,0,31-May-18,1-Jul-19,49
2018,19/01/2019,Everton,23,0,0,1,Southampton,3,2,140,Marco Silva,0,31-May-18,1-Jul-19,49
2018,13/04/2019,Everton,34,0,0,0,Fulham,3,2,140,Marco Silva,0,31-May-18,1-Jul-19,49
2018,7/04/2019,Everton,33,1,3,1,Arsenal,0,0,140,Marco Silva,0,31-May-18,1-Jul-19,49
2018,25/08/2018,Everton,3,0,1,2,Bournemouth,1,2,140,Marco Silva,0,31-May-18,1-Jul-19,49
2018,30/03/2019,Everton,32,0,3,2,West Ham,0,0,140,Marco Silva,0,31-May-18,1-Jul-19,49
2018,23/09/2018,Everton,6,0,0,0,Arsenal,3,2,140,Marco Silva,0,31-May-18,1-Jul-19,49
2018,21/04/2019,Everton,35,1,3,4,Man United,0,0,140,Marco Silva,0,31-May-18,1-Jul-19,49
2018,10/12/2018,Everton,16,1,1,2,Watford,1,2,140,Marco Silva,0,31-May-18,1-Jul-19,49
2018,27/04/2019,Everton,36,0,1,0,Crystal Palace,1,0,140,Marco Silva,0,31-May-18,1-Jul-19,49
2018,24/11/2018,Everton,13,1,3,1,Cardiff,0,0,140,Marco Silva,0,31-May-18,1-Jul-19,49
2018,13/01/2019,Everton,22,1,3,2,Bournemouth,0,0,140,Marco Silva,0,31-May-18,1-Jul-19,49
2018,3/03/2019,Everton,29,1,1,0,Liverpool,1,0,140,Marco Silva,0,31-May-18,1-Jul-19,49
2018,26/02/2019,Everton,28,0,3,3,Cardiff,0,0,140,Marco Silva,0,31-May-18,1-Jul-19,49
2018,3/05/2019,Everton,37,1,3,2,Burnley,0,0,140,Marco Silva,0,31-May-18,1-Jul-19,49
2018,5/12/2018,Everton,15,1,1,1,Newcastle,1,1,140,Marco Silva,0,31-May-18,1-Jul-19,49
2018,12/05/2019,Everton,38,0,1,2,Tottenham,1,2,140,Marco Silva,0,31-May-18,1-Jul-19,49
2018,12/01/2019,Fulham,22,0,0,1,Burnley,3,2,46,Claudio Ranieri,0,14-Nov-18,28-Feb-19,NA
2018,18/08/2018,Fulham,2,0,0,1,Tottenham,3,3,211,Slaviša Jokanovic,0,27-Dec-15,14-Nov-18,NA
2018,22/02/2019,Fulham,27,0,0,1,West Ham,3,3,46,Claudio Ranieri,0,14-Nov-18,28-Feb-19,NA
2018,17/03/2019,Fulham,31,1,0,1,Liverpool,3,2,208,Scott Parker,0,28-Feb-19,1-Jul-19,NA
2018,27/10/2018,Fulham,10,1,0,0,Bournemouth,3,3,211,Slaviša Jokanovic,0,27-Dec-15,14-Nov-18,NA
2018,13/04/2019,Fulham,34,1,3,2,Everton,0,0,208,Scott Parker,0,28-Feb-19,1-Jul-19,NA
2018,20/04/2019,Fulham,35,0,3,1,Bournemouth,0,0,208,Scott Parker,0,28-Feb-19,1-Jul-19,NA
2018,3/03/2019,Fulham,29,1,0,1,Chelsea,3,2,208,Scott Parker,0,28-Feb-19,1-Jul-19,NA
2018,12/05/2019,Fulham,38,1,0,0,Newcastle,3,4,208,Scott Parker,0,28-Feb-19,1-Jul-19,NA
2018,5/11/2018,Fulham,11,0,0,0,Huddersfield,3,1,211,Slaviša Jokanovic,0,27-Dec-15,14-Nov-18,NA
2018,29/12/2018,Fulham,20,1,3,1,Huddersfield,0,0,46,Claudio Ranieri,0,14-Nov-18,28-Feb-19,NA
2018,2/02/2019,Fulham,25,0,0,0,Crystal Palace,3,2,46,Claudio Ranieri,0,14-Nov-18,28-Feb-19,NA
2018,29/09/2018,Fulham,7,0,0,0,Everton,3,3,211,Slaviša Jokanovic,0,27-Dec-15,14-Nov-18,NA
2018,1/09/2018,Fulham,4,0,1,2,Brighton,1,2,211,Slaviša Jokanovic,0,27-Dec-15,14-Nov-18,NA
2018,30/03/2019,Fulham,32,1,0,0,Man City,3,2,208,Scott Parker,0,28-Feb-19,1-Jul-19,NA
2018,27/02/2019,Fulham,28,0,0,0,Southampton,3,2,46,Claudio Ranieri,0,14-Nov-18,28-Feb-19,NA
2018,5/12/2018,Fulham,15,1,1,1,Leicester,1,1,46,Claudio Ranieri,0,14-Nov-18,28-Feb-19,NA
2018,26/08/2018,Fulham,3,1,3,4,Burnley,0,2,211,Slaviša Jokanovic,0,27-Dec-15,14-Nov-18,NA
2018,7/10/2018,Fulham,8,1,0,1,Arsenal,3,5,211,Slaviša Jokanovic,0,27-Dec-15,14-Nov-18,NA
2018,27/04/2019,Fulham,36,1,3,1,Cardiff,0,0,208,Scott Parker,0,28-Feb-19,1-Jul-19,NA
2018,11/11/2018,Fulham,12,0,0,0,Liverpool,3,2,211,Slaviša Jokanovic,0,27-Dec-15,14-Nov-18,NA
2018,4/05/2019,Fulham,37,0,0,0,Wolves,3,1,208,Scott Parker,0,28-Feb-19,1-Jul-19,NA
2018,15/09/2018,Fulham,5,0,0,0,Man City,3,3,211,Slaviša Jokanovic,0,27-Dec-15,14-Nov-18,NA
2018,9/03/2019,Fulham,30,0,0,1,Leicester,3,3,208,Scott Parker,0,28-Feb-19,1-Jul-19,NA
2018,20/10/2018,Fulham,9,0,0,2,Cardiff,3,4,211,Slaviša Jokanovic,0,27-Dec-15,14-Nov-18,NA
2018,20/01/2019,Fulham,23,1,0,1,Tottenham,3,2,46,Claudio Ranieri,0,14-Nov-18,28-Feb-19,NA
2018,11/08/2018,Fulham,1,1,0,0,Crystal Palace,3,2,211,Slaviša Jokanovic,0,27-Dec-15,14-Nov-18,NA
2018,22/12/2018,Fulham,18,0,1,0,Newcastle,1,0,46,Claudio Ranieri,0,14-Nov-18,28-Feb-19,NA
2018,1/01/2019,Fulham,21,0,0,1,Arsenal,3,4,46,Claudio Ranieri,0,14-Nov-18,28-Feb-19,NA
2018,15/12/2018,Fulham,17,1,0,0,West Ham,3,2,46,Claudio Ranieri,0,14-Nov-18,28-Feb-19,NA
2018,8/12/2018,Fulham,16,0,0,1,Man United,3,4,46,Claudio Ranieri,0,14-Nov-18,28-Feb-19,NA
2018,24/11/2018,Fulham,13,1,3,3,Southampton,0,2,46,Claudio Ranieri,0,14-Nov-18,28-Feb-19,NA
2018,9/02/2019,Fulham,26,1,0,0,Man United,3,3,46,Claudio Ranieri,0,14-Nov-18,28-Feb-19,NA
2018,22/09/2018,Fulham,6,1,1,1,Watford,1,1,211,Slaviša Jokanovic,0,27-Dec-15,14-Nov-18,NA
2018,2/12/2018,Fulham,14,0,0,0,Chelsea,3,2,46,Claudio Ranieri,0,14-Nov-18,28-Feb-19,NA
2018,2/04/2019,Fulham,33,0,0,1,Watford,3,4,208,Scott Parker,0,28-Feb-19,1-Jul-19,NA
2018,26/12/2018,Fulham,19,1,1,1,Wolves,1,1,46,Claudio Ranieri,0,14-Nov-18,28-Feb-19,NA
2018,29/01/2019,Fulham,24,1,3,4,Brighton,0,2,46,Claudio Ranieri,0,14-Nov-18,28-Feb-19,NA
2018,2/02/2019,Huddersfield,25,0,0,0,Chelsea,3,5,105,Jan Siewert,0,21-Jan-19,1-Jul-19,37
2018,29/01/2019,Huddersfield,24,1,0,0,Everton,3,1,105,Jan Siewert,0,21-Jan-19,1-Jul-19,37
2018,8/12/2018,Huddersfield,16,0,0,0,Arsenal,3,1,62,David Wagner,0,9-Nov-15,14-Jan-19,37
2018,23/02/2019,Huddersfield,27,0,0,0,Newcastle,3,2,105,Jan Siewert,0,21-Jan-19,1-Jul-19,37
2018,26/04/2019,Huddersfield,36,0,0,0,Liverpool,3,5,105,Jan Siewert,0,21-Jan-19,1-Jul-19,37
2018,26/12/2018,Huddersfield,19,0,0,1,Man United,3,3,62,David Wagner,0,9-Nov-15,14-Jan-19,37
2018,20/04/2019,Huddersfield,35,1,0,1,Watford,3,2,105,Jan Siewert,0,21-Jan-19,1-Jul-19,37
2018,1/12/2018,Huddersfield,14,1,0,1,Brighton,3,2,62,David Wagner,0,9-Nov-15,14-Jan-19,37
2018,22/09/2018,Huddersfield,6,0,0,1,Leicester,3,3,62,David Wagner,0,9-Nov-15,14-Jan-19,37
2018,25/08/2018,Huddersfield,3,1,1,0,Cardiff,1,0,62,David Wagner,0,9-Nov-15,14-Jan-19,37
2018,6/10/2018,Huddersfield,8,0,1,1,Burnley,1,1,62,David Wagner,0,9-Nov-15,14-Jan-19,37
2018,15/12/2018,Huddersfield,17,1,0,0,Newcastle,3,1,62,David Wagner,0,9-Nov-15,14-Jan-19,37
2018,22/12/2018,Huddersfield,18,1,0,1,Southampton,3,3,62,David Wagner,0,9-Nov-15,14-Jan-19,37
2018,9/02/2019,Huddersfield,26,1,0,1,Arsenal,3,2,105,Jan Siewert,0,21-Jan-19,1-Jul-19,37
2018,16/03/2019,Huddersfield,31,0,0,3,West Ham,3,4,105,Jan Siewert,0,21-Jan-19,1-Jul-19,37
2018,2/03/2019,Huddersfield,29,0,0,0,Brighton,3,1,105,Jan Siewert,0,21-Jan-19,1-Jul-19,37
2018,29/09/2018,Huddersfield,7,1,0,0,Tottenham,3,2,62,David Wagner,0,9-Nov-15,14-Jan-19,37
2018,15/09/2018,Huddersfield,5,1,0,0,Crystal Palace,3,1,62,David Wagner,0,9-Nov-15,14-Jan-19,37
2018,1/09/2018,Huddersfield,4,0,1,1,Everton,1,1,62,David Wagner,0,9-Nov-15,14-Jan-19,37
2018,11/08/2018,Huddersfield,1,1,0,0,Chelsea,3,3,62,David Wagner,0,9-Nov-15,14-Jan-19,37
2018,25/11/2018,Huddersfield,13,0,3,2,Wolves,0,0,62,David Wagner,0,9-Nov-15,14-Jan-19,37
2018,5/05/2019,Huddersfield,37,1,1,1,Man United,1,1,105,Jan Siewert,0,21-Jan-19,1-Jul-19,37
2018,9/03/2019,Huddersfield,30,1,0,0,Bournemouth,3,2,105,Jan Siewert,0,21-Jan-19,1-Jul-19,37
2018,26/02/2019,Huddersfield,28,1,3,1,Wolves,0,0,105,Jan Siewert,0,21-Jan-19,1-Jul-19,37
2018,5/11/2018,Huddersfield,11,1,3,1,Fulham,0,0,62,David Wagner,0,9-Nov-15,14-Jan-19,37
2018,12/05/2019,Huddersfield,38,0,1,1,Southampton,1,1,105,Jan Siewert,0,21-Jan-19,1-Jul-19,37
2018,6/04/2019,Huddersfield,33,1,0,1,Leicester,3,4,105,Jan Siewert,0,21-Jan-19,1-Jul-19,37
2018,30/03/2019,Huddersfield,32,0,0,0,Crystal Palace,3,2,105,Jan Siewert,0,21-Jan-19,1-Jul-19,37
2018,12/01/2019,Huddersfield,22,0,1,0,Cardiff,1,0,62,David Wagner,0,9-Nov-15,14-Jan-19,37
2018,20/10/2018,Huddersfield,9,1,0,0,Liverpool,3,1,62,David Wagner,0,9-Nov-15,14-Jan-19,37
2018,2/01/2019,Huddersfield,21,1,0,1,Burnley,3,2,62,David Wagner,0,9-Nov-15,14-Jan-19,37
2018,29/12/2018,Huddersfield,20,0,0,0,Fulham,3,1,62,David Wagner,0,9-Nov-15,14-Jan-19,37
2018,10/11/2018,Huddersfield,12,1,1,1,West Ham,1,1,62,David Wagner,0,9-Nov-15,14-Jan-19,37
2018,20/01/2019,Huddersfield,23,1,0,0,Man City,3,3,142,Mark Hudson,1,14-Jan-19,21-Jan-19,37
2018,4/12/2018,Huddersfield,15,0,0,1,Bournemouth,3,2,62,David Wagner,0,9-Nov-15,14-Jan-19,37
2018,13/04/2019,Huddersfield,34,0,0,0,Tottenham,3,4,105,Jan Siewert,0,21-Jan-19,1-Jul-19,37
2018,19/08/2018,Huddersfield,2,0,0,1,Man City,3,6,62,David Wagner,0,9-Nov-15,14-Jan-19,37
2018,27/10/2018,Huddersfield,10,0,0,0,Watford,3,3,62,David Wagner,0,9-Nov-15,14-Jan-19,37
2018,5/12/2018,Leicester,15,0,1,1,Fulham,1,1,45,Claude Puel,0,25-Oct-17,24-Feb-19,47
2018,10/08/2018,Leicester,1,0,0,1,Man United,3,2,45,Claude Puel,0,25-Oct-17,24-Feb-19,47
2018,1/09/2018,Leicester,4,1,0,1,Liverpool,3,2,45,Claude Puel,0,25-Oct-17,24-Feb-19,47
2018,26/12/2018,Leicester,19,1,3,2,Man City,0,1,45,Claude Puel,0,25-Oct-17,24-Feb-19,47
2018,22/12/2018,Leicester,18,0,3,1,Chelsea,0,0,45,Claude Puel,0,25-Oct-17,24-Feb-19,47
2018,15/12/2018,Leicester,17,0,0,0,Crystal Palace,3,1,45,Claude Puel,0,25-Oct-17,24-Feb-19,47
2018,27/10/2018,Leicester,10,1,1,1,West Ham,1,1,45,Claude Puel,0,25-Oct-17,24-Feb-19,47
2018,22/09/2018,Leicester,6,1,3,3,Huddersfield,0,1,45,Claude Puel,0,25-Oct-17,24-Feb-19,47
2018,1/01/2019,Leicester,21,0,3,1,Everton,0,0,45,Claude Puel,0,25-Oct-17,24-Feb-19,47
2018,9/03/2019,Leicester,30,1,3,3,Fulham,0,1,28,Brendan Rodgers,0,26-Feb-19,1-Jul-19,47
2018,19/01/2019,Leicester,23,0,0,3,Wolves,3,4,45,Claude Puel,0,25-Oct-17,24-Feb-19,47
2018,26/02/2019,Leicester,28,1,3,2,Brighton,0,1,28,Brendan Rodgers,0,26-Feb-19,1-Jul-19,47
2018,28/04/2019,Leicester,36,1,3,3,Arsenal,0,0,28,Brendan Rodgers,0,26-Feb-19,1-Jul-19,47
2018,3/11/2018,Leicester,11,0,3,1,Cardiff,0,0,45,Claude Puel,0,25-Oct-17,24-Feb-19,47
2018,10/02/2019,Leicester,26,0,0,1,Tottenham,3,3,45,Claude Puel,0,25-Oct-17,24-Feb-19,47
2018,3/02/2019,Leicester,25,1,0,0,Man United,3,1,45,Claude Puel,0,25-Oct-17,24-Feb-19,47
2018,12/01/2019,Leicester,22,1,0,1,Southampton,3,2,45,Claude Puel,0,25-Oct-17,24-Feb-19,47
2018,24/11/2018,Leicester,13,0,1,1,Brighton,1,1,45,Claude Puel,0,25-Oct-17,24-Feb-19,47
2018,1/12/2018,Leicester,14,1,3,2,Watford,0,0,45,Claude Puel,0,25-Oct-17,24-Feb-19,47
2018,16/03/2019,Leicester,31,0,3,2,Burnley,0,1,28,Brendan Rodgers,0,26-Feb-19,1-Jul-19,47
2018,12/05/2019,Leicester,38,1,1,0,Chelsea,1,0,28,Brendan Rodgers,0,26-Feb-19,1-Jul-19,47
2018,20/04/2019,Leicester,35,0,1,2,West Ham,1,2,28,Brendan Rodgers,0,26-Feb-19,1-Jul-19,47
2018,18/08/2018,Leicester,2,1,3,2,Wolves,0,0,45,Claude Puel,0,25-Oct-17,24-Feb-19,47
2018,29/12/2018,Leicester,20,1,0,0,Cardiff,3,1,45,Claude Puel,0,25-Oct-17,24-Feb-19,47
2018,6/04/2019,Leicester,33,0,3,4,Huddersfield,0,1,28,Brendan Rodgers,0,26-Feb-19,1-Jul-19,47
2018,6/05/2019,Leicester,37,0,0,0,Man City,3,1,28,Brendan Rodgers,0,26-Feb-19,1-Jul-19,47
2018,8/12/2018,Leicester,16,1,0,0,Tottenham,3,2,45,Claude Puel,0,25-Oct-17,24-Feb-19,47
2018,12/04/2019,Leicester,34,1,0,0,Newcastle,3,1,28,Brendan Rodgers,0,26-Feb-19,1-Jul-19,47
2018,23/02/2019,Leicester,27,1,0,1,Crystal Palace,3,4,45,Claude Puel,0,25-Oct-17,24-Feb-19,47
2018,30/03/2019,Leicester,32,1,3,2,Bournemouth,0,0,28,Brendan Rodgers,0,26-Feb-19,1-Jul-19,47
2018,29/09/2018,Leicester,7,0,3,2,Newcastle,0,0,45,Claude Puel,0,25-Oct-17,24-Feb-19,47
2018,10/11/2018,Leicester,12,1,1,0,Burnley,1,0,45,Claude Puel,0,25-Oct-17,24-Feb-19,47
2018,3/03/2019,Leicester,29,0,0,1,Watford,3,2,28,Brendan Rodgers,0,26-Feb-19,1-Jul-19,47
2018,15/09/2018,Leicester,5,0,0,2,Bournemouth,3,4,45,Claude Puel,0,25-Oct-17,24-Feb-19,47
2018,30/01/2019,Leicester,24,0,1,1,Liverpool,1,1,45,Claude Puel,0,25-Oct-17,24-Feb-19,47
2018,25/08/2018,Leicester,3,0,3,2,Southampton,0,1,45,Claude Puel,0,25-Oct-17,24-Feb-19,47
2018,22/10/2018,Leicester,9,0,0,1,Arsenal,3,3,45,Claude Puel,0,25-Oct-17,24-Feb-19,47
2018,6/10/2018,Leicester,8,1,0,1,Everton,3,2,45,Claude Puel,0,25-Oct-17,24-Feb-19,47
2018,27/02/2019,Liverpool,28,1,3,5,Watford,0,0,122,Jürgen Klopp,0,8-Oct-15,1-Jul-19,75
2018,14/04/2019,Liverpool,34,1,3,2,Chelsea,0,0,122,Jürgen Klopp,0,8-Oct-15,1-Jul-19,75
2018,24/11/2018,Liverpool,13,0,3,3,Watford,0,0,122,Jürgen Klopp,0,8-Oct-15,1-Jul-19,75
2018,2/12/2018,Liverpool,14,1,3,1,Everton,0,0,122,Jürgen Klopp,0,8-Oct-15,1-Jul-19,75
2018,21/12/2018,Liverpool,18,0,3,2,Wolves,0,0,122,Jürgen Klopp,0,8-Oct-15,1-Jul-19,75
2018,25/08/2018,Liverpool,3,1,3,1,Brighton,0,0,122,Jürgen Klopp,0,8-Oct-15,1-Jul-19,75
2018,4/05/2019,Liverpool,37,0,3,3,Newcastle,0,2,122,Jürgen Klopp,0,8-Oct-15,1-Jul-19,75
2018,29/12/2018,Liverpool,20,1,3,5,Arsenal,0,1,122,Jürgen Klopp,0,8-Oct-15,1-Jul-19,75
2018,27/10/2018,Liverpool,10,1,3,4,Cardiff,0,1,122,Jürgen Klopp,0,8-Oct-15,1-Jul-19,75
2018,10/03/2019,Liverpool,30,1,3,4,Burnley,0,2,122,Jürgen Klopp,0,8-Oct-15,1-Jul-19,75
2018,5/04/2019,Liverpool,33,0,3,3,Southampton,0,1,122,Jürgen Klopp,0,8-Oct-15,1-Jul-19,75
2018,16/12/2018,Liverpool,17,1,3,3,Man United,0,1,122,Jürgen Klopp,0,8-Oct-15,1-Jul-19,75
2018,22/09/2018,Liverpool,6,1,3,3,Southampton,0,0,122,Jürgen Klopp,0,8-Oct-15,1-Jul-19,75
2018,3/11/2018,Liverpool,11,0,1,1,Arsenal,1,1,122,Jürgen Klopp,0,8-Oct-15,1-Jul-19,75
2018,17/03/2019,Liverpool,31,0,3,2,Fulham,0,1,122,Jürgen Klopp,0,8-Oct-15,1-Jul-19,75
2018,26/12/2018,Liverpool,19,1,3,4,Newcastle,0,0,122,Jürgen Klopp,0,8-Oct-15,1-Jul-19,75
2018,21/04/2019,Liverpool,35,0,3,2,Cardiff,0,0,122,Jürgen Klopp,0,8-Oct-15,1-Jul-19,75
2018,8/12/2018,Liverpool,16,0,3,4,Bournemouth,0,0,122,Jürgen Klopp,0,8-Oct-15,1-Jul-19,75
2018,5/12/2018,Liverpool,15,0,3,3,Burnley,0,1,122,Jürgen Klopp,0,8-Oct-15,1-Jul-19,75
2018,3/03/2019,Liverpool,29,0,1,0,Everton,1,0,122,Jürgen Klopp,0,8-Oct-15,1-Jul-19,75
2018,24/02/2019,Liverpool,27,0,1,0,Man United,1,0,122,Jürgen Klopp,0,8-Oct-15,1-Jul-19,75
2018,1/09/2018,Liverpool,4,0,3,2,Leicester,0,1,122,Jürgen Klopp,0,8-Oct-15,1-Jul-19,75
2018,9/02/2019,Liverpool,26,1,3,3,Bournemouth,0,0,122,Jürgen Klopp,0,8-Oct-15,1-Jul-19,75
2018,30/01/2019,Liverpool,24,1,1,1,Leicester,1,1,122,Jürgen Klopp,0,8-Oct-15,1-Jul-19,75
2018,29/09/2018,Liverpool,7,0,1,1,Chelsea,1,1,122,Jürgen Klopp,0,8-Oct-15,1-Jul-19,75
2018,20/10/2018,Liverpool,9,0,3,1,Huddersfield,0,0,122,Jürgen Klopp,0,8-Oct-15,1-Jul-19,75
2018,7/10/2018,Liverpool,8,1,1,0,Man City,1,0,122,Jürgen Klopp,0,8-Oct-15,1-Jul-19,75
2018,11/11/2018,Liverpool,12,1,3,2,Fulham,0,0,122,Jürgen Klopp,0,8-Oct-15,1-Jul-19,75
2018,12/08/2018,Liverpool,1,1,3,4,West Ham,0,0,122,Jürgen Klopp,0,8-Oct-15,1-Jul-19,75
2018,20/08/2018,Liverpool,2,0,3,2,Crystal Palace,0,0,122,Jürgen Klopp,0,8-Oct-15,1-Jul-19,75
2018,15/09/2018,Liverpool,5,0,3,2,Tottenham,0,1,122,Jürgen Klopp,0,8-Oct-15,1-Jul-19,75
2018,4/02/2019,Liverpool,25,0,1,1,West Ham,1,1,122,Jürgen Klopp,0,8-Oct-15,1-Jul-19,75
2018,31/03/2019,Liverpool,32,1,3,2,Tottenham,0,1,122,Jürgen Klopp,0,8-Oct-15,1-Jul-19,75
2018,3/01/2019,Liverpool,21,0,0,1,Man City,3,2,122,Jürgen Klopp,0,8-Oct-15,1-Jul-19,75
2018,12/05/2019,Liverpool,38,1,3,2,Wolves,0,0,122,Jürgen Klopp,0,8-Oct-15,1-Jul-19,75
2018,19/01/2019,Liverpool,23,1,3,4,Crystal Palace,0,3,122,Jürgen Klopp,0,8-Oct-15,1-Jul-19,75
2018,12/01/2019,Liverpool,22,0,3,1,Brighton,0,0,122,Jürgen Klopp,0,8-Oct-15,1-Jul-19,75
2018,26/04/2019,Liverpool,36,1,3,5,Huddersfield,0,0,122,Jürgen Klopp,0,8-Oct-15,1-Jul-19,75
2018,4/12/2018,Man City,15,0,3,2,Watford,0,1,175,Pep Guardiola,0,1-Jul-16,1-Jul-19,100
2018,24/04/2019,Man City,35,0,3,2,Man United,0,0,175,Pep Guardiola,0,1-Jul-16,1-Jul-19,100
2018,4/11/2018,Man City,11,1,3,6,Southampton,0,1,175,Pep Guardiola,0,1-Jul-16,1-Jul-19,100
2018,15/09/2018,Man City,5,1,3,3,Fulham,0,0,175,Pep Guardiola,0,1-Jul-16,1-Jul-19,100
2018,25/08/2018,Man City,3,0,1,1,Wolves,1,1,175,Pep Guardiola,0,1-Jul-16,1-Jul-19,100
2018,22/09/2018,Man City,6,0,3,5,Cardiff,0,0,175,Pep Guardiola,0,1-Jul-16,1-Jul-19,100
2018,29/01/2019,Man City,24,0,0,1,Newcastle,3,2,175,Pep Guardiola,0,1-Jul-16,1-Jul-19,100
2018,20/10/2018,Man City,9,1,3,5,Burnley,0,0,175,Pep Guardiola,0,1-Jul-16,1-Jul-19,100
2018,3/02/2019,Man City,25,1,3,3,Arsenal,0,1,175,Pep Guardiola,0,1-Jul-16,1-Jul-19,100
2018,20/04/2019,Man City,34,1,3,1,Tottenham,0,0,175,Pep Guardiola,0,1-Jul-16,1-Jul-19,100
2018,19/08/2018,Man City,2,1,3,6,Huddersfield,0,1,175,Pep Guardiola,0,1-Jul-16,1-Jul-19,100
2018,12/05/2019,Man City,38,0,3,4,Brighton,0,1,175,Pep Guardiola,0,1-Jul-16,1-Jul-19,100
2018,12/08/2018,Man City,1,0,3,2,Arsenal,0,0,175,Pep Guardiola,0,1-Jul-16,1-Jul-19,100
2018,30/03/2019,Man City,31,0,3,2,Fulham,0,0,175,Pep Guardiola,0,1-Jul-16,1-Jul-19,100
2018,9/03/2019,Man City,30,1,3,3,Watford,0,1,175,Pep Guardiola,0,1-Jul-16,1-Jul-19,100
2018,1/09/2018,Man City,4,1,3,2,Newcastle,0,1,175,Pep Guardiola,0,1-Jul-16,1-Jul-19,100
2018,10/02/2019,Man City,27,1,3,6,Chelsea,0,0,175,Pep Guardiola,0,1-Jul-16,1-Jul-19,100
2018,3/04/2019,Man City,32,1,3,2,Cardiff,0,0,175,Pep Guardiola,0,1-Jul-16,1-Jul-19,100
2018,1/12/2018,Man City,14,1,3,3,Bournemouth,0,1,175,Pep Guardiola,0,1-Jul-16,1-Jul-19,100
2018,2/03/2019,Man City,29,0,3,1,Bournemouth,0,0,175,Pep Guardiola,0,1-Jul-16,1-Jul-19,100
2018,6/02/2019,Man City,26,0,3,2,Everton,0,0,175,Pep Guardiola,0,1-Jul-16,1-Jul-19,100
2018,3/01/2019,Man City,21,1,3,2,Liverpool,0,1,175,Pep Guardiola,0,1-Jul-16,1-Jul-19,100
2018,20/01/2019,Man City,23,0,3,3,Huddersfield,0,0,175,Pep Guardiola,0,1-Jul-16,1-Jul-19,100
2018,8/12/2018,Man City,16,0,0,0,Chelsea,3,2,175,Pep Guardiola,0,1-Jul-16,1-Jul-19,100
2018,24/11/2018,Man City,13,0,3,4,West Ham,0,0,175,Pep Guardiola,0,1-Jul-16,1-Jul-19,100
2018,29/09/2018,Man City,7,1,3,2,Brighton,0,0,175,Pep Guardiola,0,1-Jul-16,1-Jul-19,100
2018,6/05/2019,Man City,37,1,3,1,Leicester,0,0,175,Pep Guardiola,0,1-Jul-16,1-Jul-19,100
2018,28/04/2019,Man City,36,0,3,1,Burnley,0,0,175,Pep Guardiola,0,1-Jul-16,1-Jul-19,100
2018,22/12/2018,Man City,18,1,0,2,Crystal Palace,3,3,175,Pep Guardiola,0,1-Jul-16,1-Jul-19,100
2018,26/12/2018,Man City,19,0,0,1,Leicester,3,2,175,Pep Guardiola,0,1-Jul-16,1-Jul-19,100
2018,7/10/2018,Man City,8,0,1,0,Liverpool,1,0,175,Pep Guardiola,0,1-Jul-16,1-Jul-19,100
2018,15/12/2018,Man City,17,1,3,3,Everton,0,1,175,Pep Guardiola,0,1-Jul-16,1-Jul-19,100
2018,30/12/2018,Man City,20,0,3,3,Southampton,0,1,175,Pep Guardiola,0,1-Jul-16,1-Jul-19,100
2018,14/04/2019,Man City,33,0,3,3,Crystal Palace,0,1,175,Pep Guardiola,0,1-Jul-16,1-Jul-19,100
2018,27/02/2019,Man City,28,1,3,1,West Ham,0,0,175,Pep Guardiola,0,1-Jul-16,1-Jul-19,100
2018,14/01/2019,Man City,22,1,3,3,Wolves,0,0,175,Pep Guardiola,0,1-Jul-16,1-Jul-19,100
2018,11/11/2018,Man City,12,1,3,3,Man United,0,1,175,Pep Guardiola,0,1-Jul-16,1-Jul-19,100
2018,29/10/2018,Man City,10,0,3,1,Tottenham,0,0,175,Pep Guardiola,0,1-Jul-16,1-Jul-19,100
2018,27/02/2019,Man United,28,0,3,3,Crystal Palace,0,1,163,Ole Gunnar Solskjær,0,19-Dec-18,1-Jul-19,81
2018,2/09/2018,Man United,4,0,3,2,Burnley,0,0,120,José Mourinho,0,27-May-16,18-Dec-18,81
2018,24/11/2018,Man United,13,1,1,0,Crystal Palace,1,0,120,José Mourinho,0,27-May-16,18-Dec-18,81
2018,24/04/2019,Man United,35,1,0,0,Man City,3,2,163,Ole Gunnar Solskjær,0,19-Dec-18,1-Jul-19,81
2018,19/08/2018,Man United,2,0,0,2,Brighton,3,3,120,José Mourinho,0,27-May-16,18-Dec-18,81
2018,3/02/2019,Man United,25,0,3,1,Leicester,0,0,163,Ole Gunnar Solskjær,0,19-Dec-18,1-Jul-19,81
2018,5/05/2019,Man United,37,0,1,1,Huddersfield,1,1,163,Ole Gunnar Solskjær,0,19-Dec-18,1-Jul-19,81
2018,28/10/2018,Man United,10,1,3,2,Everton,0,1,120,José Mourinho,0,27-May-16,18-Dec-18,81
2018,20/10/2018,Man United,9,0,1,2,Chelsea,1,2,120,José Mourinho,0,27-May-16,18-Dec-18,81
2018,2/01/2019,Man United,21,0,3,2,Newcastle,0,0,163,Ole Gunnar Solskjær,0,19-Dec-18,1-Jul-19,81
2018,26/12/2018,Man United,19,1,3,3,Huddersfield,0,1,163,Ole Gunnar Solskjær,0,19-Dec-18,1-Jul-19,81
2018,15/09/2018,Man United,5,0,3,2,Watford,0,1,120,José Mourinho,0,27-May-16,18-Dec-18,81
2018,8/12/2018,Man United,16,1,3,4,Fulham,0,1,120,José Mourinho,0,27-May-16,18-Dec-18,81
2018,11/11/2018,Man United,12,0,0,1,Man City,3,3,120,José Mourinho,0,27-May-16,18-Dec-18,81
2018,12/05/2019,Man United,38,1,0,0,Cardiff,3,2,163,Ole Gunnar Solskjær,0,19-Dec-18,1-Jul-19,81
2018,10/08/2018,Man United,1,1,3,2,Leicester,0,1,120,José Mourinho,0,27-May-16,18-Dec-18,81
2018,29/01/2019,Man United,24,1,1,2,Burnley,1,2,163,Ole Gunnar Solskjær,0,19-Dec-18,1-Jul-19,81
2018,22/12/2018,Man United,18,0,3,5,Cardiff,0,1,163,Ole Gunnar Solskjær,0,19-Dec-18,1-Jul-19,81
2018,27/08/2018,Man United,3,1,0,0,Tottenham,3,3,120,José Mourinho,0,27-May-16,18-Dec-18,81
2018,21/04/2019,Man United,34,0,0,0,Everton,3,4,163,Ole Gunnar Solskjær,0,19-Dec-18,1-Jul-19,81
2018,13/04/2019,Man United,33,1,3,2,West Ham,0,1,163,Ole Gunnar Solskjær,0,19-Dec-18,1-Jul-19,81
2018,10/03/2019,Man United,30,0,0,0,Arsenal,3,2,163,Ole Gunnar Solskjær,0,19-Dec-18,1-Jul-19,81
2018,6/10/2018,Man United,8,1,3,3,Newcastle,0,2,120,José Mourinho,0,27-May-16,18-Dec-18,81
2018,2/04/2019,Man United,32,0,0,1,Wolves,3,2,163,Ole Gunnar Solskjær,0,19-Dec-18,1-Jul-19,81
2018,29/09/2018,Man United,7,0,0,1,West Ham,3,3,120,José Mourinho,0,27-May-16,18-Dec-18,81
2018,22/09/2018,Man United,6,1,1,1,Wolves,1,1,120,José Mourinho,0,27-May-16,18-Dec-18,81
2018,28/04/2019,Man United,36,1,1,1,Chelsea,1,1,163,Ole Gunnar Solskjær,0,19-Dec-18,1-Jul-19,81
2018,9/02/2019,Man United,26,0,3,3,Fulham,0,0,163,Ole Gunnar Solskjær,0,19-Dec-18,1-Jul-19,81
2018,2/03/2019,Man United,29,1,3,3,Southampton,0,2,163,Ole Gunnar Solskjær,0,19-Dec-18,1-Jul-19,81
2018,3/11/2018,Man United,11,0,3,2,Bournemouth,0,1,120,José Mourinho,0,27-May-16,18-Dec-18,81
2018,5/12/2018,Man United,15,1,1,2,Arsenal,1,2,120,José Mourinho,0,27-May-16,18-Dec-18,81
2018,16/12/2018,Man United,17,0,0,1,Liverpool,3,3,120,José Mourinho,0,27-May-16,18-Dec-18,81
2018,30/12/2018,Man United,20,1,3,4,Bournemouth,0,1,163,Ole Gunnar Solskjær,0,19-Dec-18,1-Jul-19,81
2018,13/01/2019,Man United,22,0,3,1,Tottenham,0,0,163,Ole Gunnar Solskjær,0,19-Dec-18,1-Jul-19,81
2018,19/01/2019,Man United,23,1,3,2,Brighton,0,1,163,Ole Gunnar Solskjær,0,19-Dec-18,1-Jul-19,81
2018,1/12/2018,Man United,14,0,1,2,Southampton,1,2,120,José Mourinho,0,27-May-16,18-Dec-18,81
2018,30/03/2019,Man United,31,1,3,2,Watford,0,1,163,Ole Gunnar Solskjær,0,19-Dec-18,1-Jul-19,81
2018,24/02/2019,Man United,27,1,1,0,Liverpool,1,0,163,Ole Gunnar Solskjær,0,19-Dec-18,1-Jul-19,81
2018,19/01/2019,Newcastle,23,1,3,3,Cardiff,0,0,184,Rafael Benítez,0,11-Mar-16,1-Jul-19,44
2018,1/04/2019,Newcastle,32,0,0,0,Arsenal,3,2,184,Rafael Benítez,0,11-Mar-16,1-Jul-19,44
2018,15/09/2018,Newcastle,5,1,0,1,Arsenal,3,2,184,Rafael Benítez,0,11-Mar-16,1-Jul-19,44
2018,27/04/2019,Newcastle,36,0,1,1,Brighton,1,1,184,Rafael Benítez,0,11-Mar-16,1-Jul-19,44
2018,15/12/2018,Newcastle,17,0,3,1,Huddersfield,0,0,184,Rafael Benítez,0,11-Mar-16,1-Jul-19,44
2018,26/11/2018,Newcastle,13,0,3,2,Burnley,0,1,184,Rafael Benítez,0,11-Mar-16,1-Jul-19,44
2018,23/02/2019,Newcastle,27,1,3,2,Huddersfield,0,0,184,Rafael Benítez,0,11-Mar-16,1-Jul-19,44
2018,3/11/2018,Newcastle,11,1,3,1,Watford,0,0,184,Rafael Benítez,0,11-Mar-16,1-Jul-19,44
2018,16/03/2019,Newcastle,31,0,1,2,Bournemouth,1,2,184,Rafael Benítez,0,11-Mar-16,1-Jul-19,44
2018,20/04/2019,Newcastle,35,1,3,3,Southampton,0,1,184,Rafael Benítez,0,11-Mar-16,1-Jul-19,44
2018,9/12/2018,Newcastle,16,1,0,1,Wolves,3,2,184,Rafael Benítez,0,11-Mar-16,1-Jul-19,44
2018,2/02/2019,Newcastle,25,0,0,0,Tottenham,3,1,184,Rafael Benítez,0,11-Mar-16,1-Jul-19,44
2018,22/09/2018,Newcastle,6,0,1,0,Crystal Palace,1,0,184,Rafael Benítez,0,11-Mar-16,1-Jul-19,44
2018,6/10/2018,Newcastle,8,0,0,2,Man United,3,3,184,Rafael Benítez,0,11-Mar-16,1-Jul-19,44
2018,26/12/2018,Newcastle,19,0,0,0,Liverpool,3,4,184,Rafael Benítez,0,11-Mar-16,1-Jul-19,44
2018,29/09/2018,Newcastle,7,1,0,0,Leicester,3,2,184,Rafael Benítez,0,11-Mar-16,1-Jul-19,44
2018,26/02/2019,Newcastle,28,1,3,2,Burnley,0,0,184,Rafael Benítez,0,11-Mar-16,1-Jul-19,44
2018,2/01/2019,Newcastle,21,1,0,0,Man United,3,2,184,Rafael Benítez,0,11-Mar-16,1-Jul-19,44
2018,20/10/2018,Newcastle,9,1,0,0,Brighton,3,1,184,Rafael Benítez,0,11-Mar-16,1-Jul-19,44
2018,1/09/2018,Newcastle,4,0,0,1,Man City,3,2,184,Rafael Benítez,0,11-Mar-16,1-Jul-19,44
2018,29/12/2018,Newcastle,20,0,1,1,Watford,1,1,184,Rafael Benítez,0,11-Mar-16,1-Jul-19,44
2018,29/01/2019,Newcastle,24,1,3,2,Man City,0,1,184,Rafael Benítez,0,11-Mar-16,1-Jul-19,44
2018,4/05/2019,Newcastle,37,1,0,2,Liverpool,3,3,184,Rafael Benítez,0,11-Mar-16,1-Jul-19,44
2018,26/08/2018,Newcastle,3,1,0,1,Chelsea,3,2,184,Rafael Benítez,0,11-Mar-16,1-Jul-19,44
2018,12/05/2019,Newcastle,38,0,3,4,Fulham,0,0,184,Rafael Benítez,0,11-Mar-16,1-Jul-19,44
2018,12/01/2019,Newcastle,22,0,0,1,Chelsea,3,2,184,Rafael Benítez,0,11-Mar-16,1-Jul-19,44
2018,22/12/2018,Newcastle,18,1,1,0,Fulham,1,0,184,Rafael Benítez,0,11-Mar-16,1-Jul-19,44
2018,11/08/2018,Newcastle,1,1,0,1,Tottenham,3,2,184,Rafael Benítez,0,11-Mar-16,1-Jul-19,44
2018,10/11/2018,Newcastle,12,1,3,2,Bournemouth,0,1,184,Rafael Benítez,0,11-Mar-16,1-Jul-19,44
2018,9/03/2019,Newcastle,30,1,3,3,Everton,0,2,184,Rafael Benítez,0,11-Mar-16,1-Jul-19,44
2018,5/12/2018,Newcastle,15,0,1,1,Everton,1,1,184,Rafael Benítez,0,11-Mar-16,1-Jul-19,44
2018,12/04/2019,Newcastle,34,0,3,1,Leicester,0,0,184,Rafael Benítez,0,11-Mar-16,1-Jul-19,44
2018,6/04/2019,Newcastle,33,1,0,0,Crystal Palace,3,1,184,Rafael Benítez,0,11-Mar-16,1-Jul-19,44
2018,18/08/2018,Newcastle,2,0,1,0,Cardiff,1,0,184,Rafael Benítez,0,11-Mar-16,1-Jul-19,44
2018,11/02/2019,Newcastle,26,0,1,1,Wolves,1,1,184,Rafael Benítez,0,11-Mar-16,1-Jul-19,44
2018,27/10/2018,Newcastle,10,0,1,0,Southampton,1,0,184,Rafael Benítez,0,11-Mar-16,1-Jul-19,44
2018,1/12/2018,Newcastle,14,1,0,0,West Ham,3,3,184,Rafael Benítez,0,11-Mar-16,1-Jul-19,44
2018,2/03/2019,Newcastle,29,0,0,0,West Ham,3,2,184,Rafael Benítez,0,11-Mar-16,1-Jul-19,44
2018,29/09/2018,Southampton,7,0,0,0,Wolves,3,2,143,Mark Hughes,0,14-Mar-18,3-Dec-18,36
2018,19/01/2019,Southampton,23,1,3,2,Everton,0,1,185,Ralph Hasenhüttl,0,5-Dec-18,1-Jul-19,36
2018,23/04/2019,Southampton,35,0,1,1,Watford,1,1,185,Ralph Hasenhüttl,0,5-Dec-18,1-Jul-19,36
2018,4/05/2019,Southampton,37,0,0,0,West Ham,3,3,185,Ralph Hasenhüttl,0,5-Dec-18,1-Jul-19,36
2018,25/08/2018,Southampton,3,1,0,1,Leicester,3,2,143,Mark Hughes,0,14-Mar-18,3-Dec-18,36
2018,22/12/2018,Southampton,18,0,3,3,Huddersfield,0,1,185,Ralph Hasenhüttl,0,5-Dec-18,1-Jul-19,36
2018,1/09/2018,Southampton,4,0,3,2,Crystal Palace,0,0,143,Mark Hughes,0,14-Mar-18,3-Dec-18,36
2018,27/12/2018,Southampton,19,1,0,1,West Ham,3,2,185,Ralph Hasenhüttl,0,5-Dec-18,1-Jul-19,36
2018,20/10/2018,Southampton,9,0,1,0,Bournemouth,1,0,143,Mark Hughes,0,14-Mar-18,3-Dec-18,36
2018,9/03/2019,Southampton,30,1,3,2,Tottenham,0,1,185,Ralph Hasenhüttl,0,5-Dec-18,1-Jul-19,36
2018,24/02/2019,Southampton,27,0,0,0,Arsenal,3,2,185,Ralph Hasenhüttl,0,5-Dec-18,1-Jul-19,36
2018,27/10/2018,Southampton,10,1,1,0,Newcastle,1,0,143,Mark Hughes,0,14-Mar-18,3-Dec-18,36
2018,12/05/2019,Southampton,38,1,1,1,Huddersfield,1,1,185,Ralph Hasenhüttl,0,5-Dec-18,1-Jul-19,36
2018,2/03/2019,Southampton,29,0,0,2,Man United,3,3,185,Ralph Hasenhüttl,0,5-Dec-18,1-Jul-19,36
2018,27/02/2019,Southampton,28,1,3,2,Fulham,0,0,185,Ralph Hasenhüttl,0,5-Dec-18,1-Jul-19,36
2018,9/02/2019,Southampton,26,1,0,1,Cardiff,3,2,185,Ralph Hasenhüttl,0,5-Dec-18,1-Jul-19,36
2018,17/09/2018,Southampton,5,1,1,2,Brighton,1,2,143,Mark Hughes,0,14-Mar-18,3-Dec-18,36
2018,30/01/2019,Southampton,24,1,1,1,Crystal Palace,1,1,185,Ralph Hasenhüttl,0,5-Dec-18,1-Jul-19,36
2018,12/08/2018,Southampton,1,1,1,0,Burnley,1,0,143,Mark Hughes,0,14-Mar-18,3-Dec-18,36
2018,27/04/2019,Southampton,36,1,1,3,Bournemouth,1,3,185,Ralph Hasenhüttl,0,5-Dec-18,1-Jul-19,36
2018,1/12/2018,Southampton,14,1,1,2,Man United,1,2,143,Mark Hughes,0,14-Mar-18,3-Dec-18,36
2018,24/11/2018,Southampton,13,0,0,2,Fulham,3,3,143,Mark Hughes,0,14-Mar-18,3-Dec-18,36
2018,30/03/2019,Southampton,31,0,3,1,Brighton,0,0,185,Ralph Hasenhüttl,0,5-Dec-18,1-Jul-19,36
2018,4/11/2018,Southampton,11,0,0,1,Man City,3,6,143,Mark Hughes,0,14-Mar-18,3-Dec-18,36
2018,13/04/2019,Southampton,33,1,3,3,Wolves,0,1,185,Ralph Hasenhüttl,0,5-Dec-18,1-Jul-19,36
2018,10/11/2018,Southampton,12,1,1,1,Watford,1,1,143,Mark Hughes,0,14-Mar-18,3-Dec-18,36
2018,20/04/2019,Southampton,34,0,0,1,Newcastle,3,3,185,Ralph Hasenhüttl,0,5-Dec-18,1-Jul-19,36
2018,8/12/2018,Southampton,16,0,0,0,Cardiff,3,1,185,Ralph Hasenhüttl,0,5-Dec-18,1-Jul-19,36
2018,12/01/2019,Southampton,22,0,3,2,Leicester,0,1,185,Ralph Hasenhüttl,0,5-Dec-18,1-Jul-19,36
2018,30/12/2018,Southampton,20,1,0,1,Man City,3,3,185,Ralph Hasenhüttl,0,5-Dec-18,1-Jul-19,36
2018,18/08/2018,Southampton,2,0,0,1,Everton,3,2,143,Mark Hughes,0,14-Mar-18,3-Dec-18,36
2018,2/01/2019,Southampton,21,0,1,0,Chelsea,1,0,185,Ralph Hasenhüttl,0,5-Dec-18,1-Jul-19,36
2018,16/12/2018,Southampton,17,1,3,3,Arsenal,0,2,185,Ralph Hasenhüttl,0,5-Dec-18,1-Jul-19,36
2018,2/02/2019,Southampton,25,0,1,1,Burnley,1,1,185,Ralph Hasenhüttl,0,5-Dec-18,1-Jul-19,36
2018,7/10/2018,Southampton,8,1,0,0,Chelsea,3,3,143,Mark Hughes,0,14-Mar-18,3-Dec-18,36
2018,22/09/2018,Southampton,6,0,0,0,Liverpool,3,3,143,Mark Hughes,0,14-Mar-18,3-Dec-18,36
2018,5/12/2018,Southampton,15,0,0,1,Tottenham,3,3,185,Ralph Hasenhüttl,0,5-Dec-18,1-Jul-19,36
2018,5/04/2019,Southampton,32,1,0,1,Liverpool,3,3,185,Ralph Hasenhüttl,0,5-Dec-18,1-Jul-19,36
2018,4/05/2019,Tottenham,37,0,0,0,Bournemouth,3,1,148,Mauricio Pochettino,0,27-May-14,1-Jul-19,77
2018,11/08/2018,Tottenham,1,0,3,2,Newcastle,0,1,148,Mauricio Pochettino,0,27-May-14,1-Jul-19,77
2018,5/12/2018,Tottenham,15,1,3,3,Southampton,0,1,148,Mauricio Pochettino,0,27-May-14,1-Jul-19,77
2018,15/12/2018,Tottenham,17,1,3,1,Burnley,0,0,148,Mauricio Pochettino,0,27-May-14,1-Jul-19,77
2018,20/10/2018,Tottenham,9,0,3,1,West Ham,0,0,148,Mauricio Pochettino,0,27-May-14,1-Jul-19,77
2018,2/02/2019,Tottenham,25,1,3,1,Newcastle,0,0,148,Mauricio Pochettino,0,27-May-14,1-Jul-19,77
2018,8/12/2018,Tottenham,16,0,3,2,Leicester,0,0,148,Mauricio Pochettino,0,27-May-14,1-Jul-19,77
2018,13/01/2019,Tottenham,22,1,0,0,Man United,3,1,148,Mauricio Pochettino,0,27-May-14,1-Jul-19,77
2018,10/11/2018,Tottenham,12,0,3,1,Crystal Palace,0,0,148,Mauricio Pochettino,0,27-May-14,1-Jul-19,77
2018,20/01/2019,Tottenham,23,0,3,2,Fulham,0,1,148,Mauricio Pochettino,0,27-May-14,1-Jul-19,77
2018,24/11/2018,Tottenham,13,1,3,3,Chelsea,0,1,148,Mauricio Pochettino,0,27-May-14,1-Jul-19,77
2018,27/02/2019,Tottenham,28,0,0,0,Chelsea,3,2,148,Mauricio Pochettino,0,27-May-14,1-Jul-19,77
2018,9/03/2019,Tottenham,30,0,0,1,Southampton,3,2,148,Mauricio Pochettino,0,27-May-14,1-Jul-19,77
2018,3/04/2019,Tottenham,32,1,3,2,Crystal Palace,0,0,148,Mauricio Pochettino,0,27-May-14,1-Jul-19,77
2018,13/04/2019,Tottenham,33,1,3,4,Huddersfield,0,0,148,Mauricio Pochettino,0,27-May-14,1-Jul-19,77
2018,27/04/2019,Tottenham,36,1,0,0,West Ham,3,1,148,Mauricio Pochettino,0,27-May-14,1-Jul-19,77
2018,30/01/2019,Tottenham,24,1,3,2,Watford,0,1,148,Mauricio Pochettino,0,27-May-14,1-Jul-19,77
2018,23/02/2019,Tottenham,27,0,0,1,Burnley,3,2,148,Mauricio Pochettino,0,27-May-14,1-Jul-19,77
2018,31/03/2019,Tottenham,31,0,0,1,Liverpool,3,2,148,Mauricio Pochettino,0,27-May-14,1-Jul-19,77
2018,18/08/2018,Tottenham,2,1,3,3,Fulham,0,1,148,Mauricio Pochettino,0,27-May-14,1-Jul-19,77
2018,1/01/2019,Tottenham,21,0,3,3,Cardiff,0,0,148,Mauricio Pochettino,0,27-May-14,1-Jul-19,77
2018,22/09/2018,Tottenham,6,0,3,2,Brighton,0,1,148,Mauricio Pochettino,0,27-May-14,1-Jul-19,77
2018,26/12/2018,Tottenham,19,1,3,5,Bournemouth,0,0,148,Mauricio Pochettino,0,27-May-14,1-Jul-19,77
2018,29/12/2018,Tottenham,20,1,0,1,Wolves,3,3,148,Mauricio Pochettino,0,27-May-14,1-Jul-19,77
2018,12/05/2019,Tottenham,38,1,1,2,Everton,1,2,148,Mauricio Pochettino,0,27-May-14,1-Jul-19,77
2018,2/03/2019,Tottenham,29,1,1,1,Arsenal,1,1,148,Mauricio Pochettino,0,27-May-14,1-Jul-19,77
2018,23/04/2019,Tottenham,35,1,3,1,Brighton,0,0,148,Mauricio Pochettino,0,27-May-14,1-Jul-19,77
2018,29/09/2018,Tottenham,7,0,3,2,Huddersfield,0,0,148,Mauricio Pochettino,0,27-May-14,1-Jul-19,77
2018,15/09/2018,Tottenham,5,1,0,1,Liverpool,3,2,148,Mauricio Pochettino,0,27-May-14,1-Jul-19,77
2018,6/10/2018,Tottenham,8,1,3,1,Cardiff,0,0,148,Mauricio Pochettino,0,27-May-14,1-Jul-19,77
2018,10/02/2019,Tottenham,26,1,3,3,Leicester,0,1,148,Mauricio Pochettino,0,27-May-14,1-Jul-19,77
2018,29/10/2018,Tottenham,10,1,0,0,Man City,3,1,148,Mauricio Pochettino,0,27-May-14,1-Jul-19,77
2018,3/11/2018,Tottenham,11,0,3,3,Wolves,0,2,148,Mauricio Pochettino,0,27-May-14,1-Jul-19,77
2018,20/04/2019,Tottenham,34,0,0,0,Man City,3,1,148,Mauricio Pochettino,0,27-May-14,1-Jul-19,77
2018,23/12/2018,Tottenham,18,0,3,6,Everton,0,2,148,Mauricio Pochettino,0,27-May-14,1-Jul-19,77
2018,27/08/2018,Tottenham,3,0,3,3,Man United,0,0,148,Mauricio Pochettino,0,27-May-14,1-Jul-19,77
2018,2/12/2018,Tottenham,14,0,0,2,Arsenal,3,4,148,Mauricio Pochettino,0,27-May-14,1-Jul-19,77
2018,2/09/2018,Tottenham,4,0,0,1,Watford,3,2,148,Mauricio Pochettino,0,27-May-14,1-Jul-19,77
2018,9/03/2019,Watford,30,0,0,1,Man City,3,3,106,Javi Gracia,0,21-Jan-18,1-Jul-19,41
2018,2/01/2019,Watford,21,0,1,3,Bournemouth,1,3,106,Javi Gracia,0,21-Jan-18,1-Jul-19,41
2018,29/09/2018,Watford,7,0,0,0,Arsenal,3,2,106,Javi Gracia,0,21-Jan-18,1-Jul-19,41
2018,19/01/2019,Watford,23,1,1,0,Burnley,1,0,106,Javi Gracia,0,21-Jan-18,1-Jul-19,41
2018,5/05/2019,Watford,37,0,0,0,Chelsea,3,3,106,Javi Gracia,0,21-Jan-18,1-Jul-19,41
2018,15/04/2019,Watford,33,1,0,0,Arsenal,3,1,106,Javi Gracia,0,21-Jan-18,1-Jul-19,41
2018,2/04/2019,Watford,32,1,3,4,Fulham,0,1,106,Javi Gracia,0,21-Jan-18,1-Jul-19,41
2018,26/12/2018,Watford,19,1,0,1,Chelsea,3,2,106,Javi Gracia,0,21-Jan-18,1-Jul-19,41
2018,22/12/2018,Watford,18,0,3,2,West Ham,0,0,106,Javi Gracia,0,21-Jan-18,1-Jul-19,41
2018,12/01/2019,Watford,22,0,3,2,Crystal Palace,0,1,106,Javi Gracia,0,21-Jan-18,1-Jul-19,41
2018,20/04/2019,Watford,34,0,3,2,Huddersfield,0,1,106,Javi Gracia,0,21-Jan-18,1-Jul-19,41
2018,10/12/2018,Watford,16,0,1,2,Everton,1,2,106,Javi Gracia,0,21-Jan-18,1-Jul-19,41
2018,29/12/2018,Watford,20,1,1,1,Newcastle,1,1,106,Javi Gracia,0,21-Jan-18,1-Jul-19,41
2018,27/04/2019,Watford,36,1,0,1,Wolves,3,2,106,Javi Gracia,0,21-Jan-18,1-Jul-19,41
2018,2/09/2018,Watford,4,1,3,2,Tottenham,0,1,106,Javi Gracia,0,21-Jan-18,1-Jul-19,41
2018,30/03/2019,Watford,31,0,0,1,Man United,3,2,106,Javi Gracia,0,21-Jan-18,1-Jul-19,41
2018,2/02/2019,Watford,25,0,1,0,Brighton,1,0,106,Javi Gracia,0,21-Jan-18,1-Jul-19,41
2018,3/03/2019,Watford,29,1,3,2,Leicester,0,1,106,Javi Gracia,0,21-Jan-18,1-Jul-19,41
2018,15/09/2018,Watford,5,1,0,1,Man United,3,2,106,Javi Gracia,0,21-Jan-18,1-Jul-19,41
2018,11/08/2018,Watford,1,1,3,2,Brighton,0,0,106,Javi Gracia,0,21-Jan-18,1-Jul-19,41
2018,1/12/2018,Watford,14,0,0,0,Leicester,3,2,106,Javi Gracia,0,21-Jan-18,1-Jul-19,41
2018,24/11/2018,Watford,13,1,0,0,Liverpool,3,3,106,Javi Gracia,0,21-Jan-18,1-Jul-19,41
2018,6/10/2018,Watford,8,1,0,0,Bournemouth,3,4,106,Javi Gracia,0,21-Jan-18,1-Jul-19,41
2018,4/12/2018,Watford,15,1,0,1,Man City,3,2,106,Javi Gracia,0,21-Jan-18,1-Jul-19,41
2018,27/10/2018,Watford,10,1,3,3,Huddersfield,0,0,106,Javi Gracia,0,21-Jan-18,1-Jul-19,41
2018,23/04/2019,Watford,35,1,1,1,Southampton,1,1,106,Javi Gracia,0,21-Jan-18,1-Jul-19,41
2018,10/11/2018,Watford,12,0,1,1,Southampton,1,1,106,Javi Gracia,0,21-Jan-18,1-Jul-19,41
2018,22/02/2019,Watford,27,0,3,5,Cardiff,0,1,106,Javi Gracia,0,21-Jan-18,1-Jul-19,41
2018,27/02/2019,Watford,28,0,0,0,Liverpool,3,5,106,Javi Gracia,0,21-Jan-18,1-Jul-19,41
2018,20/10/2018,Watford,9,0,3,2,Wolves,0,0,106,Javi Gracia,0,21-Jan-18,1-Jul-19,41
2018,3/11/2018,Watford,11,0,0,0,Newcastle,3,1,106,Javi Gracia,0,21-Jan-18,1-Jul-19,41
2018,22/09/2018,Watford,6,0,1,1,Fulham,1,1,106,Javi Gracia,0,21-Jan-18,1-Jul-19,41
2018,9/02/2019,Watford,26,1,3,1,Everton,0,0,106,Javi Gracia,0,21-Jan-18,1-Jul-19,41
2018,15/12/2018,Watford,17,1,3,3,Cardiff,0,2,106,Javi Gracia,0,21-Jan-18,1-Jul-19,41
2018,12/05/2019,Watford,38,1,0,1,West Ham,3,4,106,Javi Gracia,0,21-Jan-18,1-Jul-19,41
2018,30/01/2019,Watford,24,0,0,1,Tottenham,3,2,106,Javi Gracia,0,21-Jan-18,1-Jul-19,41
2018,26/08/2018,Watford,3,1,3,2,Crystal Palace,0,1,106,Javi Gracia,0,21-Jan-18,1-Jul-19,41
2018,19/08/2018,Watford,2,0,3,3,Burnley,0,1,106,Javi Gracia,0,21-Jan-18,1-Jul-19,41
2018,8/12/2018,West Ham,16,1,3,3,Crystal Palace,0,2,139,Manuel Pellegrini,0,22-May-18,1-Jul-19,42
2018,24/11/2018,West Ham,13,1,0,0,Man City,3,4,139,Manuel Pellegrini,0,22-May-18,1-Jul-19,42
2018,27/12/2018,West Ham,19,0,3,2,Southampton,0,1,139,Manuel Pellegrini,0,22-May-18,1-Jul-19,42
2018,25/08/2018,West Ham,3,0,0,1,Arsenal,3,3,139,Manuel Pellegrini,0,22-May-18,1-Jul-19,42
2018,12/01/2019,West Ham,22,1,3,1,Arsenal,0,0,139,Manuel Pellegrini,0,22-May-18,1-Jul-19,42
2018,3/11/2018,West Ham,11,1,3,4,Burnley,0,2,139,Manuel Pellegrini,0,22-May-18,1-Jul-19,42
2018,4/02/2019,West Ham,25,1,1,1,Liverpool,1,1,139,Manuel Pellegrini,0,22-May-18,1-Jul-19,42
2018,10/11/2018,West Ham,12,0,1,1,Huddersfield,1,1,139,Manuel Pellegrini,0,22-May-18,1-Jul-19,42
2018,12/05/2019,West Ham,38,0,3,4,Watford,0,1,139,Manuel Pellegrini,0,22-May-18,1-Jul-19,42
2018,27/02/2019,West Ham,28,0,0,0,Man City,3,1,139,Manuel Pellegrini,0,22-May-18,1-Jul-19,42
2018,9/03/2019,West Ham,30,0,0,0,Cardiff,3,2,139,Manuel Pellegrini,0,22-May-18,1-Jul-19,42
2018,30/03/2019,West Ham,32,1,0,0,Everton,3,2,139,Manuel Pellegrini,0,22-May-18,1-Jul-19,42
2018,15/12/2018,West Ham,17,0,3,2,Fulham,0,0,139,Manuel Pellegrini,0,22-May-18,1-Jul-19,42
2018,16/09/2018,West Ham,5,0,3,3,Everton,0,1,139,Manuel Pellegrini,0,22-May-18,1-Jul-19,42
2018,13/04/2019,West Ham,34,0,0,1,Man United,3,2,139,Manuel Pellegrini,0,22-May-18,1-Jul-19,42
2018,29/09/2018,West Ham,7,1,3,3,Man United,0,1,139,Manuel Pellegrini,0,22-May-18,1-Jul-19,42
2018,27/10/2018,West Ham,10,0,1,1,Leicester,1,1,139,Manuel Pellegrini,0,22-May-18,1-Jul-19,42
2018,4/05/2019,West Ham,37,1,3,3,Southampton,0,0,139,Manuel Pellegrini,0,22-May-18,1-Jul-19,42
2018,27/04/2019,West Ham,36,0,3,1,Tottenham,0,0,139,Manuel Pellegrini,0,22-May-18,1-Jul-19,42
2018,16/03/2019,West Ham,31,1,3,4,Huddersfield,0,3,139,Manuel Pellegrini,0,22-May-18,1-Jul-19,42
2018,1/12/2018,West Ham,14,0,3,3,Newcastle,0,0,139,Manuel Pellegrini,0,22-May-18,1-Jul-19,42
2018,30/12/2018,West Ham,20,0,0,0,Burnley,3,2,139,Manuel Pellegrini,0,22-May-18,1-Jul-19,42
2018,22/12/2018,West Ham,18,1,0,0,Watford,3,2,139,Manuel Pellegrini,0,22-May-18,1-Jul-19,42
2018,2/01/2019,West Ham,21,1,1,2,Brighton,1,2,139,Manuel Pellegrini,0,22-May-18,1-Jul-19,42
2018,23/09/2018,West Ham,6,1,1,0,Chelsea,1,0,139,Manuel Pellegrini,0,22-May-18,1-Jul-19,42
2018,20/10/2018,West Ham,9,1,0,0,Tottenham,3,1,139,Manuel Pellegrini,0,22-May-18,1-Jul-19,42
2018,22/02/2019,West Ham,27,1,3,3,Fulham,0,1,139,Manuel Pellegrini,0,22-May-18,1-Jul-19,42
2018,19/01/2019,West Ham,23,0,0,0,Bournemouth,3,2,139,Manuel Pellegrini,0,22-May-18,1-Jul-19,42
2018,20/04/2019,West Ham,35,1,1,2,Leicester,1,2,139,Manuel Pellegrini,0,22-May-18,1-Jul-19,42
2018,12/08/2018,West Ham,1,0,0,0,Liverpool,3,4,139,Manuel Pellegrini,0,22-May-18,1-Jul-19,42
2018,2/03/2019,West Ham,29,1,3,2,Newcastle,0,0,139,Manuel Pellegrini,0,22-May-18,1-Jul-19,42
2018,9/02/2019,West Ham,26,0,1,1,Crystal Palace,1,1,139,Manuel Pellegrini,0,22-May-18,1-Jul-19,42
2018,29/01/2019,West Ham,24,0,0,0,Wolves,3,3,139,Manuel Pellegrini,0,22-May-18,1-Jul-19,42
2018,4/12/2018,West Ham,15,1,3,3,Cardiff,0,1,139,Manuel Pellegrini,0,22-May-18,1-Jul-19,42
2018,18/08/2018,West Ham,2,1,0,1,Bournemouth,3,2,139,Manuel Pellegrini,0,22-May-18,1-Jul-19,42
2018,5/10/2018,West Ham,8,0,0,0,Brighton,3,1,139,Manuel Pellegrini,0,22-May-18,1-Jul-19,42
2018,8/04/2019,West Ham,33,0,0,0,Chelsea,3,2,139,Manuel Pellegrini,0,22-May-18,1-Jul-19,42
2018,1/09/2018,West Ham,4,1,0,0,Wolves,3,1,139,Manuel Pellegrini,0,22-May-18,1-Jul-19,42
2018,29/01/2019,Wolves,24,1,3,3,West Ham,0,0,162,Nuno Espírito Santo,0,31-May-17,1-Jul-19,NA
2018,21/12/2018,Wolves,18,1,0,0,Liverpool,3,2,162,Nuno Espírito Santo,0,31-May-17,1-Jul-19,NA
2018,11/02/2019,Wolves,26,1,1,1,Newcastle,1,1,162,Nuno Espírito Santo,0,31-May-17,1-Jul-19,NA
2018,19/01/2019,Wolves,23,1,3,4,Leicester,0,3,162,Nuno Espírito Santo,0,31-May-17,1-Jul-19,NA
2018,20/04/2019,Wolves,34,1,1,0,Brighton,1,0,162,Nuno Espírito Santo,0,31-May-17,1-Jul-19,NA
2018,25/08/2018,Wolves,3,1,1,1,Man City,1,1,162,Nuno Espírito Santo,0,31-May-17,1-Jul-19,NA
2018,11/08/2018,Wolves,1,1,1,2,Everton,1,2,162,Nuno Espírito Santo,0,31-May-17,1-Jul-19,NA
2018,29/12/2018,Wolves,20,0,3,3,Tottenham,0,1,162,Nuno Espírito Santo,0,31-May-17,1-Jul-19,NA
2018,2/03/2019,Wolves,29,1,3,2,Cardiff,0,0,162,Nuno Espírito Santo,0,31-May-17,1-Jul-19,NA
2018,10/03/2019,Wolves,30,0,1,1,Chelsea,1,1,162,Nuno Espírito Santo,0,31-May-17,1-Jul-19,NA
2018,2/01/2019,Wolves,21,1,0,0,Crystal Palace,3,2,162,Nuno Espírito Santo,0,31-May-17,1-Jul-19,NA
2018,23/02/2019,Wolves,27,0,1,1,Bournemouth,1,1,162,Nuno Espírito Santo,0,31-May-17,1-Jul-19,NA
2018,5/12/2018,Wolves,15,1,3,2,Chelsea,0,1,162,Nuno Espírito Santo,0,31-May-17,1-Jul-19,NA
2018,11/11/2018,Wolves,12,0,1,1,Arsenal,1,1,162,Nuno Espírito Santo,0,31-May-17,1-Jul-19,NA
2018,3/11/2018,Wolves,11,1,0,2,Tottenham,3,3,162,Nuno Espírito Santo,0,31-May-17,1-Jul-19,NA
2018,22/09/2018,Wolves,6,0,1,1,Man United,1,1,162,Nuno Espírito Santo,0,31-May-17,1-Jul-19,NA
2018,14/01/2019,Wolves,22,0,0,0,Man City,3,3,162,Nuno Espírito Santo,0,31-May-17,1-Jul-19,NA
2018,13/04/2019,Wolves,33,0,0,1,Southampton,3,3,162,Nuno Espírito Santo,0,31-May-17,1-Jul-19,NA
2018,6/10/2018,Wolves,8,0,3,1,Crystal Palace,0,0,162,Nuno Espírito Santo,0,31-May-17,1-Jul-19,NA
2018,16/09/2018,Wolves,5,1,3,1,Burnley,0,0,162,Nuno Espírito Santo,0,31-May-17,1-Jul-19,NA
2018,26/12/2018,Wolves,19,0,1,1,Fulham,1,1,162,Nuno Espírito Santo,0,31-May-17,1-Jul-19,NA
2018,20/10/2018,Wolves,9,1,0,0,Watford,3,2,162,Nuno Espírito Santo,0,31-May-17,1-Jul-19,NA
2018,4/05/2019,Wolves,37,1,3,1,Fulham,0,0,162,Nuno Espírito Santo,0,31-May-17,1-Jul-19,NA
2018,2/04/2019,Wolves,32,1,3,2,Man United,0,1,162,Nuno Espírito Santo,0,31-May-17,1-Jul-19,NA
2018,30/11/2018,Wolves,14,0,0,1,Cardiff,3,2,162,Nuno Espírito Santo,0,31-May-17,1-Jul-19,NA
2018,1/09/2018,Wolves,4,0,3,1,West Ham,0,0,162,Nuno Espírito Santo,0,31-May-17,1-Jul-19,NA
2018,15/12/2018,Wolves,17,1,3,2,Bournemouth,0,0,162,Nuno Espírito Santo,0,31-May-17,1-Jul-19,NA
2018,26/02/2019,Wolves,28,0,0,0,Huddersfield,3,1,162,Nuno Espírito Santo,0,31-May-17,1-Jul-19,NA
2018,9/12/2018,Wolves,16,0,3,2,Newcastle,0,1,162,Nuno Espírito Santo,0,31-May-17,1-Jul-19,NA
2018,27/10/2018,Wolves,10,0,0,0,Brighton,3,1,162,Nuno Espírito Santo,0,31-May-17,1-Jul-19,NA
2018,25/11/2018,Wolves,13,1,0,0,Huddersfield,3,2,162,Nuno Espírito Santo,0,31-May-17,1-Jul-19,NA
2018,29/09/2018,Wolves,7,1,3,2,Southampton,0,0,162,Nuno Espírito Santo,0,31-May-17,1-Jul-19,NA
2018,18/08/2018,Wolves,2,0,0,0,Leicester,3,2,162,Nuno Espírito Santo,0,31-May-17,1-Jul-19,NA
2018,27/04/2019,Wolves,36,0,3,2,Watford,0,1,162,Nuno Espírito Santo,0,31-May-17,1-Jul-19,NA
2018,30/03/2019,Wolves,31,0,0,0,Burnley,3,2,162,Nuno Espírito Santo,0,31-May-17,1-Jul-19,NA
2018,2/02/2019,Wolves,25,0,3,3,Everton,0,1,162,Nuno Espírito Santo,0,31-May-17,1-Jul-19,NA
2018,24/04/2019,Wolves,35,1,3,3,Arsenal,0,1,162,Nuno Espírito Santo,0,31-May-17,1-Jul-19,NA
2018,12/05/2019,Wolves,38,0,0,0,Liverpool,3,2,162,Nuno Espírito Santo,0,31-May-17,1-Jul-19,NA
